County,Year,All causes (total),Alzheimer's disease,Malignant neoplasms,Chronic lower respiratory diseases,Diabetes mellitus,Assault (homicide),Diseases of heart,Essential hypertension and hypertensive renal disease,Accidents (unintentional injuries),Chronic liver disease and cirrhosis,"Nephritis, nephrotic syndrome and nephrosis",Parkinson's disease,Influenza and pneumonia,Cerebrovascular diseases,Intentional self-harm (suicide),annual_mean_pm25,annual_mean_ozone,annual_mean_pb,annual_mean_pm10,annual_mean_co,annual_mean_no2,annual_mean_so2,FIPS,asthma_er_avg,cancer_incidence_rate,asthma_deaths,Bladder_Surgery_Ct,Brain_Surgery_Ct,Breast_Surgery_Ct,Colon_Surgery_Ct,Esophagus_Surgery_Ct,Liver_Surgery_Ct,Lung_Surgery_Ct,Pancreas_Surgery_Ct,Prostate_Surgery_Ct,Rectum_Surgery_Ct,Stomach_Surgery_Ct,hpi2score,economic,education,housing,healthcareaccess,neighborhood,pollution,transportation,social,insured,uncrowded,homeownership,automobile,commute,inpreschool,inhighschool,bachelorsed,employed,abovepoverty,income,tree_canopy,supermarkets,park_access,h2o_contam
Alameda,2017,10068.5,624,2245,426.5,367,100,1962,262.5,408.5,164.5,149.5,132,239,806.5,143.5,10.324091671324762,0.03171895043731778,NA,NA,0.6425326909841707,22.72096,1.6348082595870206,6001,8061.666666666667,120.7,67,26,52,1103,314,39,66,144,56,88,110,32,0.3532966057215909,0.4235986755369318,0.30200353412500003,0.16961546221875,0.5671394360852273,0.10617285166193181,0.6773419099261364,0.3752926777784091,0.20298288955681817,86.28863636363636,93.18380681818182,53.16619318181818,89.94545454545455,21.369066847511363,59.540113636363635,97.91136363636363,43.26875,72.69801136363637,72.09681451326705,81783.44886363637,8.817190045454545,57.22351173209375,92.67841573863636,118.7139589165625
Alameda,2018,10043,640,2282,410,329,88.5,2019.5,246.5,448.5,163,161.5,130,256,684,168,12.913035019455252,0.030981121281464533,NA,NA,0.6169452449567724,22.76989918386942,1.3513966480446928,6001,8061.666666666667,120.7,67,21,38,1220,300,50,70,158,67,93,112,36,0.3532966057215909,0.4235986755369318,0.30200353412500003,0.16961546221875,0.5671394360852273,0.10617285166193181,0.6773419099261364,0.3752926777784091,0.20298288955681817,86.28863636363636,93.18380681818182,53.16619318181818,89.94545454545455,21.369066847511363,59.540113636363635,97.91136363636363,43.26875,72.69801136363637,72.09681451326705,81783.44886363637,8.817190045454545,57.22351173209375,92.67841573863636,118.7139589165625
Alameda,2019,10211.5,616.5,2243.5,399.5,351,92,2060,254.5,520.5,172.5,147.5,136,217,748,156,7.329480580252691,0.031640738668158926,NA,NA,0.55,21.401722532588455,1.312857142857143,6001,8061.666666666667,120.7,67,25,42,1200,269,61,64,239,64,133,111,29,0.3532966057215909,0.4235986755369318,0.30200353412500003,0.16961546221875,0.5671394360852273,0.10617285166193181,0.6773419099261364,0.3752926777784091,0.20298288955681817,86.28863636363636,93.18380681818182,53.16619318181818,89.94545454545455,21.369066847511363,59.540113636363635,97.91136363636363,43.26875,72.69801136363637,72.09681451326705,81783.44886363637,8.817190045454545,57.22351173209375,92.67841573863636,118.7139589165625
Butte,2017,2513,188.5,521,170.5,81,NA,544,27.5,142.5,54.5,23,44,53,148.5,42.5,9.984574868322047,0.04402646239554318,0.0022714285714285714,22.15076923076923,0.3512328767123288,14.332782369146006,NA,6007,865.3333333333334,133.7,NA,3,10,259,75,NA,2,14,1,64,36,4,-0.18965448270588237,-0.6662109517843138,-0.17854541915686276,0.2022795652352941,0.21846370219607844,0.24802919582352942,0.25280057221568625,-0.045707606941176475,0.08570329456862745,82.05882352941177,96.66666666666667,57.96666666666667,92.97058823529412,7.400099557078431,46.57843137254902,97.46274509803922,25.28627450980392,61.411764705882355,55.117515392549024,45160.41176470588,25.23308494901961,26.117615407941177,61.160592745098036,452.6342500117647
Butte,2018,2609,199,551,131,48.5,NA,577,25.5,220.5,51.5,20.5,26,70,131,55,14.488928317955997,0.04463842662632375,0.004816451612903226,31.03932584269663,0.46821917808219177,15.176731301939059,NA,6007,865.3333333333334,133.7,NA,7,14,325,59,NA,5,14,6,88,31,6,-0.18965448270588237,-0.6662109517843138,-0.17854541915686276,0.2022795652352941,0.21846370219607844,0.24802919582352942,0.25280057221568625,-0.045707606941176475,0.08570329456862745,82.05882352941177,96.66666666666667,57.96666666666667,92.97058823529412,7.400099557078431,46.57843137254902,97.46274509803922,25.28627450980392,61.411764705882355,55.117515392549024,45160.41176470588,25.23308494901961,26.117615407941177,61.160592745098036,452.6342500117647
Butte,2019,2165.5,138,455,145.5,46,NA,471,22.5,147,43,26.5,23,42.5,120,42.5,6.97097288676236,0.04233383915022762,0.0014282758620689656,19.914285714285715,0.3159779614325069,14.428366762177651,NA,6007,865.3333333333334,133.7,NA,1,13,216,53,NA,3,13,6,61,22,3,-0.18965448270588237,-0.6662109517843138,-0.17854541915686276,0.2022795652352941,0.21846370219607844,0.24802919582352942,0.25280057221568625,-0.045707606941176475,0.08570329456862745,82.05882352941177,96.66666666666667,57.96666666666667,92.97058823529412,7.400099557078431,46.57843137254902,97.46274509803922,25.28627450980392,61.411764705882355,55.117515392549024,45160.41176470588,25.23308494901961,26.117615407941177,61.160592745098036,452.6342500117647
Calaveras,2017,422.5,19.5,109.5,25.5,11,NA,102.5,NA,23,NA,NA,NA,NA,24,11,13.379148936170212,0.047273504273504276,NA,16.58744394618834,NA,NA,NA,6009,194.33333333333334,111.4,NA,NA,NA,4,2,NA,NA,NA,NA,NA,NA,NA,-0.16451680877777777,-0.4675937936666667,-0.75251711033333335,0.4911691068888889,0.38122826955555555,0.4554319182222222,0.5705284197777778,-0.053627869,0.22247740144444444,84.03333333333333,98.05555555555556,78.87777777777778,96.14444444444445,2.9076050726666667,31.099999999999998,91.82222222222222,23.233333333333334,58.37777777777777,69.03461118666667,53673.444444444445,35.94499037777778,22.960011906888887,40.82194666666667,418.0990128955556
Calaveras,2018,455.5,18.5,106.5,27.5,16.5,NA,108,NA,20.5,14,NA,NA,14,18.5,13,14.665546218487394,0.04509497206703911,NA,14.254901960784315,NA,NA,NA,6009,194.33333333333334,111.4,NA,NA,NA,1,4,NA,NA,NA,NA,NA,1,NA,-0.16451680877777777,-0.4675937936666667,-0.75251711033333335,0.4911691068888889,0.38122826955555555,0.4554319182222222,0.5705284197777778,-0.053627869,0.22247740144444444,84.03333333333333,98.05555555555556,78.87777777777778,96.14444444444445,2.9076050726666667,31.099999999999998,91.82222222222222,23.233333333333334,58.37777777777777,69.03461118666667,53673.444444444445,35.94499037777778,22.960011906888887,40.82194666666667,418.0990128955556
Calaveras,2019,434,22,94,28,11.5,NA,103.5,NA,27.5,11,NA,NA,15,21,NA,5.46094674556213,0.04359428571428572,NA,12.625368731563421,NA,NA,NA,6009,194.33333333333334,111.4,NA,NA,NA,2,3,NA,NA,NA,NA,NA,1,NA,-0.16451680877777777,-0.4675937936666667,-0.75251711033333335,0.4911691068888889,0.38122826955555555,0.4554319182222222,0.5705284197777778,-0.053627869,0.22247740144444444,84.03333333333333,98.05555555555556,78.87777777777778,96.14444444444445,2.9076050726666667,31.099999999999998,91.82222222222222,23.233333333333334,58.37777777777777,69.03461118666667,53673.444444444445,35.94499037777778,22.960011906888887,40.82194666666667,418.0990128955556
Colusa,2017,139.5,12.5,26.5,NA,NA,0,37,0,NA,0,NA,NA,0,NA,NA,6.321030640668524,0.039648026315789474,NA,24.005797101449275,NA,NA,NA,6011,94.33333333333333,98.9,0,NA,NA,NA,NA,NA,NA,NA,NA,NA,NA,NA,-0.1447470678,-0.378980184,-0.365373377,0.4594347276,-0.5282813824,-0.1420032638,0.5987089398,-0.1261296796,0.4567167392,73,92.44,61.699999999999996,94.7,3.169031037,41.14,98.14,15.36,65.88,58.221613088,51346.6,8.12567008,44.5582421262,61.111402,454.84810508000004
Colusa,2018,143.5,15,31.5,NA,NA,NA,27.5,NA,15,NA,NA,NA,NA,NA,NA,11.266090425531916,0.03841292134831461,NA,32.98853868194843,NA,NA,NA,6011,94.33333333333333,98.9,0,NA,NA,NA,NA,NA,NA,NA,NA,NA,NA,NA,-0.1447470678,-0.378980184,-0.365373377,0.4594347276,-0.5282813824,-0.1420032638,0.5987089398,-0.1261296796,0.4567167392,73,92.44,61.699999999999996,94.7,3.169031037,41.14,98.14,15.36,65.88,58.221613088,51346.6,8.12567008,44.5582421262,61.111402,454.84810508000004
Colusa,2019,147.5,11,20.5,13,NA,NA,34.5,NA,19,NA,NA,0,NA,NA,NA,6.6081043956043954,0.037035911602209946,NA,28.03038674033149,NA,NA,NA,6011,94.33333333333333,98.9,0,NA,NA,NA,NA,NA,NA,NA,NA,NA,NA,NA,-0.1447470678,-0.378980184,-0.365373377,0.4594347276,-0.5282813824,-0.1420032638,0.5987089398,-0.1261296796,0.4567167392,73,92.44,61.699999999999996,94.7,3.169031037,41.14,98.14,15.36,65.88,58.221613088,51346.6,8.12567008,44.5582421262,61.111402,454.84810508000004
Contra Costa,2017,7930,555,1817,387.5,261.5,55.5,1557,144.5,308.5,108.5,104,111.5,157.5,627.5,99,11.436072423398329,0.036649808429118774,NA,17.352601156069365,0.40815018315018314,13.439465648854961,2.3365348399246706,6013,6205.666666666667,131.8,47,20,33,734,222,12,15,53,3,91,84,11,0.43423072898529413,0.5066388678970588,0.3450244965392157,0.31506616049509806,0.6000795343137255,0.13632466804411764,0.9254400167990195,0.29086410059803924,0.5385610305392157,86.68823529411765,95.17843137254901,65.17156862745098,94.15392156862745,13.680047115034315,62.24950980392157,98.87058823529412,40.1921568627451,71.51372549019608,75.32191870441177,89228.9362745098,13.40706880882353,37.041065059433336,79.49073578431373,121.73065261681373
Contra Costa,2018,7726.5,578.5,1800,352,217.5,52,1493.5,171,351.5,107,85,117.5,181,584,115,13.120254957507083,0.03512795549374131,NA,19.511904761904763,0.428310502283105,13.163425253991292,2.3236329053732763,6013,6205.666666666667,131.8,47,15,51,807,212,11,6,74,5,51,89,17,0.43423072898529413,0.5066388678970588,0.3450244965392157,0.31506616049509806,0.6000795343137255,0.13632466804411764,0.9254400167990195,0.29086410059803924,0.5385610305392157,86.68823529411765,95.17843137254901,65.17156862745098,94.15392156862745,13.680047115034315,62.24950980392157,98.87058823529412,40.1921568627451,71.51372549019608,75.32191870441177,89228.9362745098,13.40706880882353,37.041065059433336,79.49073578431373,121.73065261681373
Contra Costa,2019,7823.5,583,1887.5,337,255,56,1371,181,378.5,111.5,101.5,148,138.5,577,110,7.175215782983971,0.03661814345991561,NA,14.460674157303371,0.41325966850828727,12.65070323488045,1.9952291861552853,6013,6205.666666666667,131.8,47,18,51,955,200,15,7,82,6,52,71,18,0.43423072898529413,0.5066388678970588,0.3450244965392157,0.31506616049509806,0.6000795343137255,0.13632466804411764,0.9254400167990195,0.29086410059803924,0.5385610305392157,86.68823529411765,95.17843137254901,65.17156862745098,94.15392156862745,13.680047115034315,62.24950980392157,98.87058823529412,40.1921568627451,71.51372549019608,75.32191870441177,89228.9362745098,13.40706880882353,37.041065059433336,79.49073578431373,121.73065261681373
Del Norte,2017,320.5,NA,56,21,NA,NA,63.5,NA,22,15,NA,NA,NA,18.5,NA,6.055091383812011,NA,NA,NA,NA,NA,NA,6015,133,83,0,NA,NA,13,6,NA,NA,NA,NA,NA,NA,NA,-0.4116413395,-1.124459794,-0.31900848083333333,-0.018511876000000003,0.09408700483333333,0.13024872383333333,1.4023133108333332,-0.23866391233333334,-0.41971180399999997,80.55,95.75,59.85,90.15,6.706756422,38.7,99.33333333333333,15.549999999999999,52.516666666666666,51.394846873333336,40025.833333333336,25.692590933333335,20.342621073166665,36.72427666666667,263.54163488333336
Del Norte,2018,262,NA,56,18,NA,NA,58.5,0,15.5,NA,NA,NA,NA,13,NA,6.00607476635514,NA,NA,NA,NA,NA,NA,6015,133,83,0,NA,NA,2,1,NA,NA,NA,NA,NA,NA,NA,-0.4116413395,-1.124459794,-0.31900848083333333,-0.018511876000000003,0.09408700483333333,0.13024872383333333,1.4023133108333332,-0.23866391233333334,-0.41971180399999997,80.55,95.75,59.85,90.15,6.706756422,38.7,99.33333333333333,15.549999999999999,52.516666666666666,51.394846873333336,40025.833333333336,25.692590933333335,20.342621073166665,36.72427666666667,263.54163488333336
Del Norte,2019,311.5,NA,62,24.5,14.5,NA,55,NA,22,NA,NA,NA,11,19.5,NA,4.93495145631068,NA,NA,NA,NA,NA,NA,6015,133,83,0,NA,NA,6,7,NA,NA,NA,NA,NA,2,NA,-0.4116413395,-1.124459794,-0.31900848083333333,-0.018511876000000003,0.09408700483333333,0.13024872383333333,1.4023133108333332,-0.23866391233333334,-0.41971180399999997,80.55,95.75,59.85,90.15,6.706756422,38.7,99.33333333333333,15.549999999999999,52.516666666666666,51.394846873333336,40025.833333333336,25.692590933333335,20.342621073166665,36.72427666666667,263.54163488333336
El Dorado,2017,1445.5,62,342.5,113,30.5,NA,342.5,20,96,31,12,22,25,41,32.5,3.6339449541284403,0.050857988165680476,NA,17.258160237388726,NA,NA,NA,6017,584.3333333333334,128.4,NA,2,NA,67,11,NA,1,5,1,21,8,NA,0.27161574382500003,0.187633825175,0.053505660725,0.4154089532,0.6138264325,0.54889692735,0.6271847455,0.014963842875000001,0.6759400358,86.855,97.905,74.0575,95.3025,5.65719920405,48.9375,99.045,31.765,67.38,74.33582349299999,75208.35,36.8590825775,14.979344823655,63.58590075,252.8172060525
El Dorado,2018,1455.5,71,340.5,94,32.5,NA,335,15,92,39,18,15,29,75,24,4.518565400843882,0.05208827404479578,NA,16.629411764705882,NA,NA,NA,6017,584.3333333333334,128.4,NA,NA,NA,39,22,NA,NA,2,NA,28,4,NA,0.27161574382500003,0.187633825175,0.053505660725,0.4154089532,0.6138264325,0.54889692735,0.6271847455,0.014963842875000001,0.6759400358,86.855,97.905,74.0575,95.3025,5.65719920405,48.9375,99.045,31.765,67.38,74.33582349299999,75208.35,36.8590825775,14.979344823655,63.58590075,252.8172060525
El Dorado,2019,1436.5,63.5,350,82,30.5,NA,340,13,82.5,40,NA,23,22,60,39,2.7480225988700564,0.046828611898017,NA,13.896848137535816,NA,NA,NA,6017,584.3333333333334,128.4,NA,NA,NA,54,24,NA,3,3,NA,8,1,NA,0.27161574382500003,0.187633825175,0.053505660725,0.4154089532,0.6138264325,0.54889692735,0.6271847455,0.014963842875000001,0.6759400358,86.855,97.905,74.0575,95.3025,5.65719920405,48.9375,99.045,31.765,67.38,74.33582349299999,75208.35,36.8590825775,14.979344823655,63.58590075,252.8172060525
Fresno,2017,7317,377,1370.5,345.5,245.5,92,1677.5,226.5,462.5,159,99.5,71,150.5,462.5,109,12.005932809149392,0.050027465667915105,0.0030952380952380953,36.927181418706844,0.3766076421248835,21.990416263310745,1.3486033519553073,6019,7103.333333333333,108.9,57,1,79,768,178,10,10,65,11,122,60,18,-0.47170655785416665,-0.6078416604322917,-0.3844647505416667,0.0033555067812499973,-0.324903964375,-0.24321458627604167,-1.1662393055260416,-0.3033501849739583,-0.5967808983489583,75.4671875,89.7046875,52.2625,90.64270833333333,4.522578829703125,37.672916666666666,97.53125,19.159895833333334,64.17395833333333,49.45344951733333,49564.932291666664,5.369123893229166,38.20411361106771,54.11677708333333,705.1836692598959
Fresno,2018,7302.5,376,1414,348.5,300,64,1648,202,443,172,76.5,70,199,426,110.5,13.153742937853107,0.048741386299148766,0.004133870967741936,38.38867924528302,0.3794990723562152,21.866462264150943,1.3524861878453038,6019,7103.333333333333,108.9,57,3,67,807,179,2,20,61,21,97,102,24,-0.47170655785416665,-0.6078416604322917,-0.3844647505416667,0.0033555067812499973,-0.324903964375,-0.24321458627604167,-1.1662393055260416,-0.3033501849739583,-0.5967808983489583,75.4671875,89.7046875,52.2625,90.64270833333333,4.522578829703125,37.672916666666666,97.53125,19.159895833333334,64.17395833333333,49.45344951733333,49564.932291666664,5.369123893229166,38.20411361106771,54.11677708333333,705.1836692598959
Fresno,2019,7245.5,406.5,1396,317,268,74.5,1698,203.5,444.5,168.5,96,85.5,118.5,393.5,106,8.499363534256833,0.046728,0.0032224137931034483,32.72598870056497,0.4306930693069307,20.022569444444443,1.1160220994475138,6019,7103.333333333333,108.9,57,3,88,858,208,12,19,59,14,83,99,22,-0.47170655785416665,-0.6078416604322917,-0.3844647505416667,0.0033555067812499973,-0.324903964375,-0.24321458627604167,-1.1662393055260416,-0.3033501849739583,-0.5967808983489583,75.4671875,89.7046875,52.2625,90.64270833333333,4.522578829703125,37.672916666666666,97.53125,19.159895833333334,64.17395833333333,49.45344951733333,49564.932291666664,5.369123893229166,38.20411361106771,54.11677708333333,705.1836692598959
Glenn,2017,205.5,13,42,17,NA,NA,48.5,NA,13.5,NA,0,NA,NA,16,11,9.259934853420196,0.04034670487106017,NA,24.69705882352941,NA,NA,NA,6021,116,117.2,NA,NA,NA,NA,NA,NA,NA,NA,NA,NA,NA,NA,-0.36463111233333334,-0.6926231053333334,-0.8588176955,0.4711519753333333,-0.5502634886666666,-0.38729127550000003,0.29342706333333335,-0.11620363716666667,0.5198210628333333,72.73333333333333,95.76666666666667,63.78333333333333,93.35,5.233545367333333,39.38333333333333,90.56666666666666,15.1,61.1,55.51543968833333,43105.5,7.94077595,16.500642271333334,28.86906833333333,573.8266535666667
Glenn,2018,238.5,16,60,18,11,NA,53,NA,14,NA,NA,NA,NA,23,NA,10.081034482758621,0.03867578125,NA,29.424157303370787,NA,NA,NA,6021,116,117.2,NA,NA,NA,NA,NA,NA,NA,NA,NA,NA,NA,NA,-0.36463111233333334,-0.6926231053333334,-0.8588176955,0.4711519753333333,-0.5502634886666666,-0.38729127550000003,0.29342706333333335,-0.11620363716666667,0.5198210628333333,72.73333333333333,95.76666666666667,63.78333333333333,93.35,5.233545367333333,39.38333333333333,90.56666666666666,15.1,61.1,55.51543968833333,43105.5,7.94077595,16.500642271333334,28.86906833333333,573.8266535666667
Glenn,2019,206.5,13,41,16.5,NA,NA,48,NA,15,NA,NA,NA,NA,12,NA,6.56123595505618,0.04074431818181818,NA,19.864942528735632,NA,NA,NA,6021,116,117.2,NA,NA,NA,NA,NA,NA,NA,NA,NA,NA,NA,NA,-0.36463111233333334,-0.6926231053333334,-0.8588176955,0.4711519753333333,-0.5502634886666666,-0.38729127550000003,0.29342706333333335,-0.11620363716666667,0.5198210628333333,72.73333333333333,95.76666666666667,63.78333333333333,93.35,5.233545367333333,39.38333333333333,90.56666666666666,15.1,61.1,55.51543968833333,43105.5,7.94077595,16.500642271333334,28.86906833333333,573.8266535666667
Humboldt,2017,1302.5,41,265,82,56,NA,262,14.5,112.5,33,NA,18.5,22.5,120.5,24,7.187971698113207,0.03060207100591716,NA,18.080745341614907,0.2822625698324022,4.152904238618524,0.023502304147465437,6023,717.6666666666666,109.7,9,3,NA,91,34,1,3,10,4,11,12,2,-0.11013802713793104,-0.6238763656551725,-0.06416548655172413,0.08957163003448276,-0.1701246489310345,0.4213312447241379,1.380379778137931,0.05489175786206897,-0.08031116537931034,77.34482758620689,95.85172413793103,56.5551724137931,92.20689655172414,10.793430325103449,53.779310344827586,97.10689655172413,28.16896551724138,62.88965517241379,55.428225266206894,43189.03448275862,35.700943972413796,33.6807392587931,46.8323624137931,239.62552509034484
Humboldt,2018,1316.5,26,269.5,72.5,47.5,13,286.5,NA,90.5,41.5,NA,14.5,22,150,36,7.590645161290323,0.029120234604105573,NA,18.063253012048193,0.23277777777777778,4.431055900621118,0.11664145234493192,6023,717.6666666666666,109.7,9,2,3,111,35,1,1,9,3,8,11,1,-0.11013802713793104,-0.6238763656551725,-0.06416548655172413,0.08957163003448276,-0.1701246489310345,0.4213312447241379,1.380379778137931,0.05489175786206897,-0.08031116537931034,77.34482758620689,95.85172413793103,56.5551724137931,92.20689655172414,10.793430325103449,53.779310344827586,97.10689655172413,28.16896551724138,62.88965517241379,55.428225266206894,43189.03448275862,35.700943972413796,33.6807392587931,46.8323624137931,239.62552509034484
Humboldt,2019,1364.5,24.5,320,97,39.5,NA,273.5,18,104,37.5,NA,18,23,150.5,29.5,6.7878504672897195,0.028292899408284024,NA,14.706896551724139,0.2863509749303621,5.724,0.5896341463414634,6023,717.6666666666666,109.7,9,1,2,86,35,1,2,11,1,10,13,2,-0.11013802713793104,-0.6238763656551725,-0.06416548655172413,0.08957163003448276,-0.1701246489310345,0.4213312447241379,1.380379778137931,0.05489175786206897,-0.08031116537931034,77.34482758620689,95.85172413793103,56.5551724137931,92.20689655172414,10.793430325103449,53.779310344827586,97.10689655172413,28.16896551724138,62.88965517241379,55.428225266206894,43189.03448275862,35.700943972413796,33.6807392587931,46.8323624137931,239.62552509034484
Imperial,2017,963,26.5,214.5,30,51.5,NA,232.5,20.5,67.5,15.5,18.5,NA,38,32.5,18.5,11.647614314115309,0.04166566940912491,0.015607407407407407,43.98502495840266,0.4162748643761302,23.653603603603603,1.863888888888889,6025,1212,106.9,NA,NA,5,35,17,NA,NA,NA,NA,6,3,1,-0.495564848,-0.9875058053846154,-0.29643665103846156,0.047528976,-0.4309471515384615,-0.15757366257692307,0.2937330531538461,-0.2879273769615385,-0.6107557584230769,74.18076923076923,89.78461538461539,53.06923076923077,90.86153846153846,4.5869759626153845,49.77153846153846,97.75384615384615,14.457692307692307,57.86923076923077,45.591843448846156,42514.769230769234,2.1119060884615384,37.39233006773077,75.20203384615384,320.2944673076923
Imperial,2018,1062,37,187.5,46.5,63,NA,225.5,39,109,20.5,27,NA,28.5,54,12,12.108333333333333,0.039645161290322584,0.010366521739130434,50.61179775280899,0.6045584045584046,23.419103313840157,1.5391167192429023,6025,1212,106.9,NA,1,5,52,18,NA,NA,NA,NA,12,5,2,-0.495564848,-0.9875058053846154,-0.29643665103846156,0.047528976,-0.4309471515384615,-0.15757366257692307,0.2937330531538461,-0.2879273769615385,-0.6107557584230769,74.18076923076923,89.78461538461539,53.06923076923077,90.86153846153846,4.5869759626153845,49.77153846153846,97.75384615384615,14.457692307692307,57.86923076923077,45.591843448846156,42514.769230769234,2.1119060884615384,37.39233006773077,75.20203384615384,320.2944673076923
Imperial,2019,980.5,52.5,171.5,26.5,65.5,11.5,203,33.5,80,27.5,27,11.5,34.5,38.5,11,9.570178926441352,0.03775974025974026,0.01531625,36.50390189520624,0.4438356164383562,20.959049360146253,1.241715976331361,6025,1212,106.9,NA,1,3,41,20,NA,NA,NA,1,14,3,3,-0.495564848,-0.9875058053846154,-0.29643665103846156,0.047528976,-0.4309471515384615,-0.15757366257692307,0.2937330531538461,-0.2879273769615385,-0.6107557584230769,74.18076923076923,89.78461538461539,53.06923076923077,90.86153846153846,4.5869759626153845,49.77153846153846,97.75384615384615,14.457692307692307,57.86923076923077,45.591843448846156,42514.769230769234,2.1119060884615384,37.39233006773077,75.20203384615384,320.2944673076923
Inyo,2017,208.5,NA,35.5,19.5,NA,0,42,NA,16,NA,NA,0,NA,NA,NA,6.177966101694915,0.03994597249508841,NA,20.92035232383808,0.11986970684039089,NA,0.13164556962025317,6027,94.66666666666667,147.2,NA,NA,NA,9,4,NA,NA,NA,NA,NA,NA,NA,0.1996990465,0.09802389716666667,-0.10088597233333334,0.46880168116666665,0.2671960925,0.04936106866666667,0.48708940700000003,0.3171034605,0.6761069606666666,82.65,98.01666666666667,68.71666666666667,94.4,13.960895481,45.75,99.11666666666667,24.416666666666664,71.31666666666666,72.60223489,54212,4.898040933333333,24.88728622016667,99.75824,586.0159212166667
Inyo,2018,188,NA,34.5,17.5,NA,0,40,NA,12,NA,NA,NA,13,12,NA,6.812189616252821,0.04259241245136187,NA,17.15899814471243,0.13168044077134985,NA,0.1434959349593496,6027,94.66666666666667,147.2,NA,NA,NA,18,4,NA,NA,NA,NA,NA,2,NA,0.1996990465,0.09802389716666667,-0.10088597233333334,0.46880168116666665,0.2671960925,0.04936106866666667,0.48708940700000003,0.3171034605,0.6761069606666666,82.65,98.01666666666667,68.71666666666667,94.4,13.960895481,45.75,99.11666666666667,24.416666666666664,71.31666666666666,72.60223489,54212,4.898040933333333,24.88728622016667,99.75824,586.0159212166667
Inyo,2019,202,NA,35.5,18,NA,0,44,11,27,NA,NA,NA,0,14,NA,4.695454545454545,0.042633774160732454,NA,14.249305426930913,0.11013698630136987,NA,0.13278236914600552,6027,94.66666666666667,147.2,NA,NA,NA,20,6,NA,NA,NA,NA,NA,NA,NA,0.1996990465,0.09802389716666667,-0.10088597233333334,0.46880168116666665,0.2671960925,0.04936106866666667,0.48708940700000003,0.3171034605,0.6761069606666666,82.65,98.01666666666667,68.71666666666667,94.4,13.960895481,45.75,99.11666666666667,24.416666666666664,71.31666666666666,72.60223489,54212,4.898040933333333,24.88728622016667,99.75824,586.0159212166667
Kern,2017,5954.5,320.5,1125.5,355.5,268.5,99,1392.5,96.5,526.5,120,130.5,70,88,232.5,118.5,11.25320197044335,0.05323016157989228,0.0043254545454545455,34.99120603015076,0.2906815020862309,22.803012912482068,NA,6029,4479,115.8,24,4,43,362,112,2,7,24,4,64,36,8,-0.41644062139007093,-0.588079512496454,-0.4445105229148936,0.1310974714113475,-0.17972468474468084,-0.18603424108510638,-1.1894331412907801,-0.22686529507801417,-0.30001986460283686,77.22836879432624,90.0822695035461,54.97234042553192,92.59148936170213,3.670089458893617,34.47347517730496,98.06099290780142,15.895744680851063,63.10921985815603,51.92886503787234,51548.9219858156,4.959177914893617,42.08163191550071,60.97105170212766,702.9707343787234
Kern,2018,6060,352.5,1135.5,400.5,292,112.5,1431,92.5,467,133,109.5,73.5,107.5,277,102,11.643714011516314,0.052630465444287726,0.00374671875,33.80925778132482,0.29121951219512193,23.067616959064328,NA,6029,4479,115.8,24,3,40,392,115,NA,8,11,3,96,45,11,-0.41644062139007093,-0.588079512496454,-0.4445105229148936,0.1310974714113475,-0.17972468474468084,-0.18603424108510638,-1.1894331412907801,-0.22686529507801417,-0.30001986460283686,77.22836879432624,90.0822695035461,54.97234042553192,92.59148936170213,3.670089458893617,34.47347517730496,98.06099290780142,15.895744680851063,63.10921985815603,51.92886503787234,51548.9219858156,4.959177914893617,42.08163191550071,60.97105170212766,702.9707343787234
Kern,2019,6216,343,1103,448,315.5,91.5,1434.5,102,532,161.5,80,70.5,110.5,304,130,8.333493282149712,0.04969013088079236,0.0036576923076923075,28.870304748405385,0.32664835164835165,23.879849012775843,NA,6029,4479,115.8,24,4,37,350,121,NA,2,28,4,80,55,8,-0.41644062139007093,-0.588079512496454,-0.4445105229148936,0.1310974714113475,-0.17972468474468084,-0.18603424108510638,-1.1894331412907801,-0.22686529507801417,-0.30001986460283686,77.22836879432624,90.0822695035461,54.97234042553192,92.59148936170213,3.670089458893617,34.47347517730496,98.06099290780142,15.895744680851063,63.10921985815603,51.92886503787234,51548.9219858156,4.959177914893617,42.08163191550071,60.97105170212766,702.9707343787234
Kings,2017,851,31,182,45.5,19,NA,208,NA,54,25.5,13,NA,18.5,37.5,24.5,16.68937728937729,0.04893069306930693,NA,52.62578334825425,NA,18.283426966292136,NA,6031,886.6666666666666,103.6,NA,NA,NA,40,14,1,NA,1,NA,1,9,1,-0.4535058686,-0.68102336664,-0.53948333608,0.12884062788,-0.0369813046,-0.36147586312,-0.891151691,-0.16797650396,-0.37844370936,78.96,90.732,51.06,93.14,4.30549931636,34.816,96.908,14.164,62.236,50.2855359368,48402,2.859606156,32.127436770016,41.8663644,555.512933344
Kings,2018,828,32.5,185.5,38.5,21,NA,210.5,13,53.5,21.5,22,NA,13.5,35,18.5,17.518765743073047,0.0479056338028169,NA,54.82998171846435,NA,19.276044568245126,NA,6031,886.6666666666666,103.6,NA,NA,NA,34,26,1,NA,1,NA,5,6,1,-0.4535058686,-0.68102336664,-0.53948333608,0.12884062788,-0.0369813046,-0.36147586312,-0.891151691,-0.16797650396,-0.37844370936,78.96,90.732,51.06,93.14,4.30549931636,34.816,96.908,14.164,62.236,50.2855359368,48402,2.859606156,32.127436770016,41.8663644,555.512933344
Kings,2019,837,26.5,174.5,42,24.5,NA,193.5,NA,55.5,23.5,20,NA,12.5,50.5,26,12.134409937888199,0.04528169014084507,NA,48.43517679057117,NA,18.630113636363635,NA,6031,886.6666666666666,103.6,NA,NA,NA,33,21,NA,NA,3,NA,1,3,1,-0.4535058686,-0.68102336664,-0.53948333608,0.12884062788,-0.0369813046,-0.36147586312,-0.891151691,-0.16797650396,-0.37844370936,78.96,90.732,51.06,93.14,4.30549931636,34.816,96.908,14.164,62.236,50.2855359368,48402,2.859606156,32.127436770016,41.8663644,555.512933344
Lake,2017,756.5,20,160,52.5,23.5,NA,157.5,NA,64,18,13,NA,17,34.5,21.5,5.928813559322034,0.037047619047619045,NA,11.855555555555556,NA,NA,NA,6033,498.6666666666667,123,NA,NA,NA,2,6,NA,NA,1,NA,NA,2,NA,-0.49463040573333333,-1.1634957491333333,-0.40369251840000003,-0.012748836800000002,-0.3243973456,-0.044923511333333326,1.1686215607333332,-0.2149803714,-0.5251978699333334,75.47333333333333,96.40666666666667,62.13333333333333,91.88666666666667,4.904993288066667,43.28,97.24,14.78,53.64,48.190071772,37106.53333333333,18.263615106666666,18.63627690774,38.26512133333333,291.02162159333335
Lake,2018,751.5,11,165.5,64.5,13.5,NA,144.5,NA,66.5,20,14,12.5,15,28,21,9.154237288135594,0.03539093484419263,NA,13.653631284916202,NA,NA,NA,6033,498.6666666666667,123,NA,NA,NA,1,7,NA,2,NA,NA,NA,3,NA,-0.49463040573333333,-1.1634957491333333,-0.40369251840000003,-0.012748836800000002,-0.3243973456,-0.044923511333333326,1.1686215607333332,-0.2149803714,-0.5251978699333334,75.47333333333333,96.40666666666667,62.13333333333333,91.88666666666667,4.904993288066667,43.28,97.24,14.78,53.64,48.190071772,37106.53333333333,18.263615106666666,18.63627690774,38.26512133333333,291.02162159333335
Lake,2019,771,17,165.5,63,13,NA,153,NA,82,31.5,14.5,NA,NA,32.5,16.5,3.1416666666666666,0.03434745762711865,NA,8.027932960893855,NA,NA,NA,6033,498.6666666666667,123,NA,NA,NA,3,2,NA,NA,NA,NA,NA,2,NA,-0.49463040573333333,-1.1634957491333333,-0.40369251840000003,-0.012748836800000002,-0.3243973456,-0.044923511333333326,1.1686215607333332,-0.2149803714,-0.5251978699333334,75.47333333333333,96.40666666666667,62.13333333333333,91.88666666666667,4.904993288066667,43.28,97.24,14.78,53.64,48.190071772,37106.53333333333,18.263615106666666,18.63627690774,38.26512133333333,291.02162159333335
Los Angeles,2017,64339,4183.5,14802.5,3106.5,2675,619.5,16670.5,1425,2614.5,1454.5,1352,797,1988,3743,896.5,12.190612586242944,0.04727440693430657,0.011492091007583966,27.902439024390244,0.5297225622195022,28.488,1.9067796610169492,6037,47679,117.2,272,410,961,7712,1988,131,566,957,367,2552,973,376,-0.1398531375081822,-0.11379843107076515,0.025134014251658555,-0.32215023994161873,-0.42063736005616986,-0.08465958129677134,-0.32914272071428574,-0.041139364915524106,-0.37760223263157894,74.30583812472358,86.28633348076073,46.482706766917296,89.95072976559045,11.605082550971252,57.18239716939407,97.69450685537373,28.82843874391862,69.79190623617868,59.14571143511588,61020.31968155683,5.552222433480761,62.34556080709801,71.41382379478107,556.1705312682743
Los Angeles,2018,64720.5,4085.5,14865.5,3098.5,2716,610,16873.5,1498.5,2670.5,1484,1364.5,804.5,2205,3738.5,960.5,12.26759706190976,0.045239421179565885,0.01165730294396961,26.610414657666347,0.49977773287532834,27.091402997502083,1.6387066541705717,6037,47679,117.2,272,370,1034,7904,2134,107,544,958,338,1828,1011,355,-0.1398531375081822,-0.11379843107076515,0.025134014251658555,-0.32215023994161873,-0.42063736005616986,-0.08465958129677134,-0.32914272071428574,-0.041139364915524106,-0.37760223263157894,74.30583812472358,86.28633348076073,46.482706766917296,89.95072976559045,11.605082550971252,57.18239716939407,97.69450685537373,28.82843874391862,69.79190623617868,59.14571143511588,61020.31968155683,5.552222433480761,62.34556080709801,71.41382379478107,556.1705312682743
Los Angeles,2019,64953,4412.5,14757,2953.5,2984,534.5,16731,1540.5,3011.5,1455.5,1358,871,1827.5,3790,864,10.186701911346075,0.045268676568388386,0.009529617486338798,22.43774703557312,0.4752320065992988,26.129435483870967,1.201320754716981,6037,47679,117.2,272,383,1014,8462,2057,125,569,992,379,1678,962,405,-0.1398531375081822,-0.11379843107076515,0.025134014251658555,-0.32215023994161873,-0.42063736005616986,-0.08465958129677134,-0.32914272071428574,-0.041139364915524106,-0.37760223263157894,74.30583812472358,86.28633348076073,46.482706766917296,89.95072976559045,11.605082550971252,57.18239716939407,97.69450685537373,28.82843874391862,69.79190623617868,59.14571143511588,61020.31968155683,5.552222433480761,62.34556080709801,71.41382379478107,556.1705312682743
Madera,2017,1009,66.5,236.5,59.5,27.5,11,193,22,70.5,27,16,NA,16.5,54,24.5,12.537196765498653,0.048949367088607594,NA,34.16986301369863,0.24455445544554455,13.542777777777777,NA,6039,857.6666666666666,103.2,10,NA,NA,14,15,NA,4,NA,NA,NA,3,1,-0.3561824908571429,-0.7302707988571429,-0.4349475972857143,0.27539919923809525,-0.4458484832857143,-0.10567950904761905,-0.5134447709047619,-0.21011425647619048,0.3352352215714286,74,89.50952380952381,60.79047619047619,92.96666666666667,3.553443186952381,38.30952380952381,97.96190476190476,13.91904761904762,61.55238095238095,50.67512799714286,45531.80952380953,12.423391557142857,27.55722643957143,43.019128095238095,726.3533229952382
Madera,2018,965.5,53,193,63.5,39,13,197.5,30,63,29.5,NA,12,21.5,40,20,14.116042780748662,0.04562780898876404,NA,40.37391304347826,0.24817927170868348,12.641225626740948,NA,6039,857.6666666666666,103.2,10,NA,NA,32,15,NA,NA,NA,NA,NA,4,NA,-0.3561824908571429,-0.7302707988571429,-0.4349475972857143,0.27539919923809525,-0.4458484832857143,-0.10567950904761905,-0.5134447709047619,-0.21011425647619048,0.3352352215714286,74,89.50952380952381,60.79047619047619,92.96666666666667,3.553443186952381,38.30952380952381,97.96190476190476,13.91904761904762,61.55238095238095,50.67512799714286,45531.80952380953,12.423391557142857,27.55722643957143,43.019128095238095,726.3533229952382
Madera,2019,999,63.5,186.5,62,30.5,NA,221,24.5,90.5,17.5,17,NA,17,42,17.5,9.612885154061624,0.04535813953488372,NA,35.562130177514796,NA,12.476685393258427,NA,6039,857.6666666666666,103.2,10,NA,NA,22,17,1,1,NA,NA,NA,3,1,-0.3561824908571429,-0.7302707988571429,-0.4349475972857143,0.27539919923809525,-0.4458484832857143,-0.10567950904761905,-0.5134447709047619,-0.21011425647619048,0.3352352215714286,74,89.50952380952381,60.79047619047619,92.96666666666667,3.553443186952381,38.30952380952381,97.96190476190476,13.91904761904762,61.55238095238095,50.67512799714286,45531.80952380953,12.423391557142857,27.55722643957143,43.019128095238095,726.3533229952382
Marin,2017,2018.5,181,468,91.5,35,NA,425,31.5,103,22.5,18.5,22.5,59.5,104.5,52,9.066033755274262,0.03161218836565097,NA,16.696428571428573,0.4534246575342466,19.614088397790056,NA,6041,562.3333333333334,151.1,6,7,13,299,42,NA,NA,5,1,33,3,1,0.752232251,0.872520176773585,0.7274321441698113,0.19277502828301887,0.8044875063584905,0.6742084666415095,1.114814989735849,0.4430561622075472,1.0212263280566038,89.16792452830188,96.26037735849057,62.54528301886793,94.78867924528302,16.384475637150942,72.03962264150944,98.70377358490566,56.89811320754717,76.05283018867925,80.51710953150943,99486.8679245283,30.88172612264151,46.7741103034717,96.84720981132075,261.90381366415096
Marin,2018,1948,173,499.5,92,44,NA,389.5,17.5,93.5,23.5,17.5,42.5,44,100,48,10.643468950749465,0.03116574585635359,NA,17.864406779661017,0.4506849315068493,18.7625,NA,6041,562.3333333333334,151.1,6,13,11,340,44,1,1,6,NA,21,11,1,0.752232251,0.872520176773585,0.7274321441698113,0.19277502828301887,0.8044875063584905,0.6742084666415095,1.114814989735849,0.4430561622075472,1.0212263280566038,89.16792452830188,96.26037735849057,62.54528301886793,94.78867924528302,16.384475637150942,72.03962264150944,98.70377358490566,56.89811320754717,76.05283018867925,80.51710953150943,99486.8679245283,30.88172612264151,46.7741103034717,96.84720981132075,261.90381366415096
Marin,2019,1992,148,481,78.5,27.5,NA,384,27,102,24,21,56,44,121,61.5,5.9846827133479215,0.032641833810888254,NA,13.35593220338983,0.39519774011299436,16.77936962750716,NA,6041,562.3333333333334,151.1,6,11,7,361,42,NA,1,3,NA,7,3,4,0.752232251,0.872520176773585,0.7274321441698113,0.19277502828301887,0.8044875063584905,0.6742084666415095,1.114814989735849,0.4430561622075472,1.0212263280566038,89.16792452830188,96.26037735849057,62.54528301886793,94.78867924528302,16.384475637150942,72.03962264150944,98.70377358490566,56.89811320754717,76.05283018867925,80.51710953150943,99486.8679245283,30.88172612264151,46.7741103034717,96.84720981132075,261.90381366415096
Mariposa,2017,183,NA,43,14,NA,0,64,NA,17,0,0,NA,0,NA,NA,10.881149012567326,0.05111645101663586,NA,23.002923976608187,NA,NA,NA,6043,64.66666666666667,115,0,NA,NA,NA,NA,NA,NA,NA,NA,NA,NA,NA,0.07897153583333334,-0.23338945433333333,-0.4047512268333333,0.25048369633333334,0.47053057649999996,0.5690367381666667,0.3185990616666667,0.348970254,0.736412965,85.11666666666666,98.51666666666667,66.56666666666666,96.31666666666666,12.106602296166667,34.13333333333333,97.01666666666667,22.583333333333332,65.06666666666666,68.12592669666667,52695,42.7639449,6.9716469595,44.68902666666666,528.0571019
Mariposa,2018,183.5,NA,41.5,NA,NA,0,42,NA,15.5,NA,NA,NA,0,18,NA,18.115811088295686,0.05211072056239016,NA,42.32272727272727,NA,NA,NA,6043,64.66666666666667,115,0,NA,NA,NA,NA,NA,NA,NA,NA,NA,NA,NA,0.07897153583333334,-0.23338945433333333,-0.4047512268333333,0.25048369633333334,0.47053057649999996,0.5690367381666667,0.3185990616666667,0.348970254,0.736412965,85.11666666666666,98.51666666666667,66.56666666666666,96.31666666666666,12.106602296166667,34.13333333333333,97.01666666666667,22.583333333333332,65.06666666666666,68.12592669666667,52695,42.7639449,6.9716469595,44.68902666666666,528.0571019
Mariposa,2019,162.5,NA,34,11,NA,0,45,0,14,NA,NA,NA,NA,NA,NA,7.834888059701493,0.050340425531914895,NA,20.12264150943396,NA,NA,NA,6043,64.66666666666667,115,0,NA,NA,NA,NA,NA,NA,NA,NA,NA,NA,NA,0.07897153583333334,-0.23338945433333333,-0.4047512268333333,0.25048369633333334,0.47053057649999996,0.5690367381666667,0.3185990616666667,0.348970254,0.736412965,85.11666666666666,98.51666666666667,66.56666666666666,96.31666666666666,12.106602296166667,34.13333333333333,97.01666666666667,22.583333333333332,65.06666666666666,68.12592669666667,52695,42.7639449,6.9716469595,44.68902666666666,528.0571019
Mendocino,2017,828,13.5,175.5,47,30.5,NA,200,12.5,78.5,NA,NA,NA,17,42.5,25.5,9.073379310344828,0.03441208791208791,NA,12.610951008645532,NA,NA,NA,6045,521,107.2,NA,NA,NA,109,27,NA,1,3,NA,NA,1,NA,-0.1258156258,-0.51167962870000006,-0.23508454555,0.05811195105,-0.14208325075,0.18428369390000002,1.0351775229,0.012541671849999996,0.1483192812,77.685,94.73,58.71,93.045,8.6638785681,46.063,97.02,23.88,65.275,56.1381732765,43982.6,28.967900635,28.4942293294,32.38594,329.590552705
Mendocino,2018,755.5,16.5,171,53.5,17,NA,161,14,74.5,19.5,NA,13,17,39.5,18,10.506500691562932,0.031083565459610028,NA,14.803921568627452,NA,NA,NA,6045,521,107.2,NA,NA,NA,105,18,NA,NA,3,NA,NA,7,3,-0.1258156258,-0.51167962870000006,-0.23508454555,0.05811195105,-0.14208325075,0.18428369390000002,1.0351775229,0.012541671849999996,0.1483192812,77.685,94.73,58.71,93.045,8.6638785681,46.063,97.02,23.88,65.275,56.1381732765,43982.6,28.967900635,28.4942293294,32.38594,329.590552705
Mendocino,2019,828,14,198,45,18,NA,175.5,NA,79,15.5,14,17.5,14,32.5,20.5,5.652314165497896,0.0310625,NA,12.084269662921349,NA,NA,NA,6045,521,107.2,NA,NA,NA,88,22,NA,2,2,NA,NA,11,NA,-0.1258156258,-0.51167962870000006,-0.23508454555,0.05811195105,-0.14208325075,0.18428369390000002,1.0351775229,0.012541671849999996,0.1483192812,77.685,94.73,58.71,93.045,8.6638785681,46.063,97.02,23.88,65.275,56.1381732765,43982.6,28.967900635,28.4942293294,32.38594,329.590552705
Merced,2017,1572,58.5,324.5,110.5,58,16.5,346.5,29.5,129.5,35,28,18.5,42,78,20.5,13.080467091295116,0.045139204545454545,NA,34.728813559322035,NA,16.165266106442576,NA,6047,1822,91.8,15,NA,NA,28,27,NA,1,NA,NA,1,8,1,-0.5577490063265306,-0.9283075765918367,-0.5885929986938776,0.10920903265306121,-0.35248060797959185,-0.19860454102040817,-0.4970432146938775,-0.26911627146938777,-0.5340958152653061,75.13265306122449,90.65306122448979,49.88775510204081,91.66530612244898,3.9369986318163264,38.210204081632654,95.86938775510204,12.483673469387755,59.820408163265306,44.309814767061226,42982.204081632655,5.055100765306123,32.751225217122446,58.41555551020408,615.2971651897959
Merced,2018,1571,60,330,99,63,12.5,324.5,29,124.5,35.5,28.5,20,41,64.5,17.5,14.990396659707724,0.04388483146067416,NA,33.83606557377049,NA,16.033333333333335,NA,6047,1822,91.8,15,NA,NA,26,15,NA,NA,NA,NA,NA,4,NA,-0.5577490063265306,-0.9283075765918367,-0.5885929986938776,0.10920903265306121,-0.35248060797959185,-0.19860454102040817,-0.4970432146938775,-0.26911627146938777,-0.5340958152653061,75.13265306122449,90.65306122448979,49.88775510204081,91.66530612244898,3.9369986318163264,38.210204081632654,95.86938775510204,12.483673469387755,59.820408163265306,44.309814767061226,42982.204081632655,5.055100765306123,32.751225217122446,58.41555551020408,615.2971651897959
Merced,2019,1534.5,58,322.5,65.5,66.5,17,317,31.5,112,43.5,25.5,23.5,33.5,79.5,26.5,9.2741127348643,0.044598314606741574,NA,28.81967213114754,NA,14.831666666666667,NA,6047,1822,91.8,15,NA,NA,36,27,NA,5,NA,NA,1,13,4,-0.5577490063265306,-0.9283075765918367,-0.5885929986938776,0.10920903265306121,-0.35248060797959185,-0.19860454102040817,-0.4970432146938775,-0.26911627146938777,-0.5340958152653061,75.13265306122449,90.65306122448979,49.88775510204081,91.66530612244898,3.9369986318163264,38.210204081632654,95.86938775510204,12.483673469387755,59.820408163265306,44.309814767061226,42982.204081632655,5.055100765306123,32.751225217122446,58.41555551020408,615.2971651897959
Mono,2017,48.5,0,NA,0,0,0,14.5,NA,NA,0,NA,0,0,NA,NA,3.567,NA,NA,37.24087591240876,NA,NA,NA,6051,52,86.7,0,NA,NA,NA,NA,NA,NA,NA,NA,NA,NA,NA,0.36637574666666667,0.063129979,0.13873559433333335,0.47893699266666667,-0.22053189300000003,0.23241334866666666,0.8494691666666666,0.825772183,1.116193282,76.73333333333333,98.2,65.36666666666667,96.86666666666667,22.53151834266667,50.266666666666666,100,32.36666666666667,71.26666666666667,68.53104748,57575.333333333336,16.704777133333334,14.650304493333334,96.7093,451.29251270000003
Mono,2018,50.5,NA,11,NA,0,NA,15,NA,14,NA,NA,0,0,0,0,9.935619469026548,NA,NA,21.374259102455547,NA,NA,NA,6051,52,86.7,0,NA,NA,NA,NA,NA,NA,NA,NA,NA,NA,NA,0.36637574666666667,0.063129979,0.13873559433333335,0.47893699266666667,-0.22053189300000003,0.23241334866666666,0.8494691666666666,0.825772183,1.116193282,76.73333333333333,98.2,65.36666666666667,96.86666666666667,22.53151834266667,50.266666666666666,100,32.36666666666667,71.26666666666667,68.53104748,57575.333333333336,16.704777133333334,14.650304493333334,96.7093,451.29251270000003
Mono,2019,56.5,0,14,NA,NA,0,13.5,0,16,NA,0,0,0,NA,NA,5.442696629213483,NA,NA,29.83889816360601,NA,NA,NA,6051,52,86.7,0,NA,NA,NA,NA,NA,NA,NA,NA,NA,NA,NA,0.36637574666666667,0.063129979,0.13873559433333335,0.47893699266666667,-0.22053189300000003,0.23241334866666666,0.8494691666666666,0.825772183,1.116193282,76.73333333333333,98.2,65.36666666666667,96.86666666666667,22.53151834266667,50.266666666666666,100,32.36666666666667,71.26666666666667,68.53104748,57575.333333333336,16.704777133333334,14.650304493333334,96.7093,451.29251270000003
Monterey,2017,2600.5,110.5,588.5,125.5,77.5,44,505.5,27,164.5,50.5,43.5,28,53,138,38.5,5.85716814159292,0.036059963099631,NA,28.634349030470915,0.30441988950276244,11.527624309392266,NA,6053,1721.6666666666667,117.8,15,1,28,123,90,2,6,20,7,7,35,16,-0.04738211246590909,-0.15902386875,-0.20637141861363636,0.005599804511363638,-0.38542891526136364,0.07980870173863636,0.8011432830909091,-0.010275833477272725,0.14785684273863636,74.73295454545455,86.38181818181818,48.11590909090909,94.85795454545455,5.669092947022727,43.35454545454545,97.65227272727273,25.322727272727274,67.74886363636364,60.23441844113636,62590.39772727273,10.875659769318181,47.2765515079375,78.16093920454546,636.2383638977273
Monterey,2018,2608.5,116.5,548,101.5,73.5,29.5,495.5,37,175,53.5,48.5,42.5,58.5,150.5,44,6.680914687774846,0.035471889400921656,NA,28.24022346368715,0.35376044568245124,11.535714285714286,NA,6053,1721.6666666666667,117.8,15,NA,25,126,68,5,3,19,7,7,14,8,-0.04738211246590909,-0.15902386875,-0.20637141861363636,0.005599804511363638,-0.38542891526136364,0.07980870173863636,0.8011432830909091,-0.010275833477272725,0.14785684273863636,74.73295454545455,86.38181818181818,48.11590909090909,94.85795454545455,5.669092947022727,43.35454545454545,97.65227272727273,25.322727272727274,67.74886363636364,60.23441844113636,62590.39772727273,10.875659769318181,47.2765515079375,78.16093920454546,636.2383638977273
Monterey,2019,2555,110.5,524,119.5,87.5,16.5,530,36,179,58.5,33.5,37.5,40.5,148,44,4.500177619893428,0.035785116279069766,NA,19.07079646017699,0.31205479452054796,10.334246575342465,NA,6053,1721.6666666666667,117.8,15,NA,8,154,75,6,2,15,6,10,39,12,-0.04738211246590909,-0.15902386875,-0.20637141861363636,0.005599804511363638,-0.38542891526136364,0.07980870173863636,0.8011432830909091,-0.010275833477272725,0.14785684273863636,74.73295454545455,86.38181818181818,48.11590909090909,94.85795454545455,5.669092947022727,43.35454545454545,97.65227272727273,25.322727272727274,67.74886363636364,60.23441844113636,62590.39772727273,10.875659769318181,47.2765515079375,78.16093920454546,636.2383638977273
Napa,2017,1325.5,67.5,292.5,52,37.5,NA,294.5,13,72.5,19.5,23.5,24,32.5,87.5,18,13.728133704735376,0.03391388888888889,NA,NA,0.6183561643835617,15.321008403361345,NA,6055,515,128,8,NA,1,57,24,3,4,25,NA,12,11,3,0.3016276892972973,0.4793686163783784,0.06147552710810811,0.2993641531081081,0.3865010043243243,-0.023889239216216215,0.5841070641351351,0.05832141991891892,0.6119113454324324,84.0972972972973,94.33243243243243,60.486486486486484,95.47567567567567,6.438049242621622,48.08054054054054,98.9918918918919,33.116216216216216,75.62162162162163,72.79521441324324,74996.7027027027,14.2501086,43.510437458675675,74.65989891891891,590.6553641
Napa,2018,1206,84,277,55,30.5,NA,265,14.5,63,14.5,12,19,23,50.5,14,11.41388101983003,0.03553581661891118,NA,13.486486486486486,0.42825484764542937,13.904885057471263,NA,6055,515,128,8,1,2,91,21,NA,2,26,NA,12,6,NA,0.3016276892972973,0.4793686163783784,0.06147552710810811,0.2993641531081081,0.3865010043243243,-0.023889239216216215,0.5841070641351351,0.05832141991891892,0.6119113454324324,84.0972972972973,94.33243243243243,60.486486486486484,95.47567567567567,6.438049242621622,48.08054054054054,98.9918918918919,33.116216216216216,75.62162162162163,72.79521441324324,74996.7027027027,14.2501086,43.510437458675675,74.65989891891891,590.6553641
Napa,2019,1255.5,89.5,268,54,30,NA,306,NA,58,15.5,21.5,20,16,69.5,20.5,5.923098591549296,0.036302857142857144,NA,13.214285714285714,0.35276243093922655,11.747457627118644,NA,6055,515,128,8,NA,8,69,13,4,1,16,1,10,11,NA,0.3016276892972973,0.4793686163783784,0.06147552710810811,0.2993641531081081,0.3865010043243243,-0.023889239216216215,0.5841070641351351,0.05832141991891892,0.6119113454324324,84.0972972972973,94.33243243243243,60.486486486486484,95.47567567567567,6.438049242621622,48.08054054054054,98.9918918918919,33.116216216216216,75.62162162162163,72.79521441324324,74996.7027027027,14.2501086,43.510437458675675,74.65989891891891,590.6553641
Nevada,2017,1055.5,36,264,41.5,26.5,NA,244,13.5,57,24,14.5,11,29,60,19.5,5.832142857142857,0.05529752066115703,NA,NA,NA,NA,NA,6057,247.66666666666666,140.7,NA,NA,NA,82,23,NA,1,1,NA,4,7,1,0.1460394286,-0.1406937993,0.002156966599999993,0.34696807955,0.13365479615,0.64688290015,0.62089934575,-0.003170863199999998,0.8012372955,81.03,98.05,73.58,96.005,4.2790175317,54.228,96.605,33.825,64.925,70.4442711205,58588.85,47.387750435,12.64942046715,41.680939,360.35451564150003
Nevada,2018,1032.5,37.5,236.5,65.5,21,NA,256.5,NA,56.5,23.5,11,12.5,23,54,23,6.3884765625,0.04873259052924791,NA,NA,NA,NA,NA,6057,247.66666666666666,140.7,NA,NA,NA,94,15,NA,NA,NA,NA,NA,7,NA,0.1460394286,-0.1406937993,0.002156966599999993,0.34696807955,0.13365479615,0.64688290015,0.62089934575,-0.003170863199999998,0.8012372955,81.03,98.05,73.58,96.005,4.2790175317,54.228,96.605,33.825,64.925,70.4442711205,58588.85,47.387750435,12.64942046715,41.680939,360.35451564150003
Nevada,2019,978.5,58,233,59.5,16,NA,229.5,17.5,49,13.5,14,12.5,19.5,50.5,20.5,5.821673003802282,0.04708215297450425,NA,NA,NA,NA,NA,6057,247.66666666666666,140.7,NA,NA,NA,121,21,NA,NA,NA,1,1,9,NA,0.1460394286,-0.1406937993,0.002156966599999993,0.34696807955,0.13365479615,0.64688290015,0.62089934575,-0.003170863199999998,0.8012372955,81.03,98.05,73.58,96.005,4.2790175317,54.228,96.605,33.825,64.925,70.4442711205,58588.85,47.387750435,12.64942046715,41.680939,360.35451564150003
Orange,2017,20532.5,1459.5,4794.5,1024.5,520,74,4991.5,336.5,969.5,410.5,352,330.5,562.5,1447.5,324.5,11.706720741599073,0.04544942903752039,NA,25.367945823927766,0.5696029776674938,26.460403225806452,0.41564245810055866,6059,8529.333333333334,128.2,82,59,369,2638,624,35,129,354,129,515,276,74,0.1985431788041958,0.4316897259527972,0.17026139503321677,0.03549411232342657,0.1422497229423077,0.04291622323776224,0.18305755015734265,0.004387826433566434,0.05857434995629371,81.13426573426574,89.9986013986014,59.27972027972028,95.25944055944056,5.467839337673077,55.31951048951049,98.1788111888112,37.36486013986014,73.24038461538461,71.6272216129021,81274.56993006993,4.769757025524475,56.364290022374654,87.47900798951049,362.46582584003494
Orange,2018,20891,1534,4819.5,978,555.5,65,4995.5,324,951,390.5,415.5,363.5,588.5,1520,369.5,11.33141304347826,0.04343445692883895,NA,25.811627906976746,0.5273871206513694,26.046415094339622,NA,6059,8529.333333333334,128.2,82,45,359,2688,670,42,158,359,128,396,249,102,0.1985431788041958,0.4316897259527972,0.17026139503321677,0.03549411232342657,0.1422497229423077,0.04291622323776224,0.18305755015734265,0.004387826433566434,0.05857434995629371,81.13426573426574,89.9986013986014,59.27972027972028,95.25944055944056,5.467839337673077,55.31951048951049,98.1788111888112,37.36486013986014,73.24038461538461,71.6272216129021,81274.56993006993,4.769757025524475,56.364290022374654,87.47900798951049,362.46582584003494
Orange,2019,20848.5,1515.5,4872,963,537,55,5019,309,954,402,411,401,529.5,1465,340,8.95356738391846,0.04423831775700934,NA,21.318181818181817,0.47188365650969527,25.031515711645103,NA,6059,8529.333333333334,128.2,82,36,358,2755,664,41,179,362,146,403,333,106,0.1985431788041958,0.4316897259527972,0.17026139503321677,0.03549411232342657,0.1422497229423077,0.04291622323776224,0.18305755015734265,0.004387826433566434,0.05857434995629371,81.13426573426574,89.9986013986014,59.27972027972028,95.25944055944056,5.467839337673077,55.31951048951049,98.1788111888112,37.36486013986014,73.24038461538461,71.6272216129021,81274.56993006993,4.769757025524475,56.364290022374654,87.47900798951049,362.46582584003494
Placer,2017,3601,269,777,208.5,99,12,777,56,173.5,64,34.5,49,104.5,198,51.5,6.36496259351621,0.04185057471264368,0.0015153846153846153,15.363372093023257,NA,17.75070821529745,NA,6061,1128.3333333333333,141.4,6,9,19,671,125,NA,5,51,3,74,48,2,0.32036028146835444,0.35469738902531645,0.13101041515189873,0.42278276845569623,0.6124229862658228,0.26067035592405063,0.5436500515443038,-0.001649072430379746,0.7714568259746836,86.8379746835443,97.62151898734177,69.0126582278481,96.05316455696203,4.24931308856962,55.36556962025316,97.96329113924051,35.72911392405063,70.22911392405064,77.26919215531646,76023.55696202532,19.707829392405063,28.607796363649367,73.59329164556962,211.4627341649367
Placer,2018,3707.5,277,808,206.5,96.5,NA,824.5,50.5,140.5,65,33,59,88,241.5,53,10.025,0.039368571428571426,0.002016774193548387,22.03370786516854,NA,17.34169014084507,NA,6061,1128.3333333333333,141.4,6,14,21,579,148,1,4,37,4,62,51,NA,0.32036028146835444,0.35469738902531645,0.13101041515189873,0.42278276845569623,0.6124229862658228,0.26067035592405063,0.5436500515443038,-0.001649072430379746,0.7714568259746836,86.8379746835443,97.62151898734177,69.0126582278481,96.05316455696203,4.24931308856962,55.36556962025316,97.96329113924051,35.72911392405063,70.22911392405064,77.26919215531646,76023.55696202532,19.707829392405063,28.607796363649367,73.59329164556962,211.4627341649367
Placer,2019,3536,256,806.5,184.5,112.5,12,745,63.5,162,63.5,35,52,61.5,236,60.5,5.467952522255193,0.04453349282296651,0.0016156666666666667,14.363888888888889,NA,16.117827298050138,NA,6061,1128.3333333333333,141.4,6,15,8,618,137,1,3,25,3,80,55,NA,0.32036028146835444,0.35469738902531645,0.13101041515189873,0.42278276845569623,0.6124229862658228,0.26067035592405063,0.5436500515443038,-0.001649072430379746,0.7714568259746836,86.8379746835443,97.62151898734177,69.0126582278481,96.05316455696203,4.24931308856962,55.36556962025316,97.96329113924051,35.72911392405063,70.22911392405064,77.26919215531646,76023.55696202532,19.707829392405063,28.607796363649367,73.59329164556962,211.4627341649367
Plumas,2017,191,NA,53.5,13.5,11,0,39.5,NA,14.5,NA,NA,0,0,NA,NA,12.80247619047619,NA,NA,NA,NA,NA,NA,6063,88.66666666666667,138.9,NA,NA,NA,2,2,NA,NA,NA,NA,NA,NA,NA,-0.1490018665,-0.5125078733333334,-0.5601881695,0.3208315938333334,0.037757857166666665,0.43527479916666667,0.4733395893333333,-0.081986287,0.5281505271666667,79.86666666666666,98.71666666666667,73.86666666666667,93.21666666666667,6.2161768155,21.733333333333334,96.86666666666667,23.083333333333332,59.03333333333333,67.83492769,48705.666666666664,31.8198064,36.93970242333333,50.197575,503.32443943333334
Plumas,2018,199,NA,42.5,13.5,NA,0,44,NA,22,NA,NA,NA,0,14,NA,11.94084249084249,NA,NA,NA,NA,NA,NA,6063,88.66666666666667,138.9,NA,NA,NA,2,5,NA,1,NA,NA,NA,1,NA,-0.1490018665,-0.5125078733333334,-0.5601881695,0.3208315938333334,0.037757857166666665,0.43527479916666667,0.4733395893333333,-0.081986287,0.5281505271666667,79.86666666666666,98.71666666666667,73.86666666666667,93.21666666666667,6.2161768155,21.733333333333334,96.86666666666667,23.083333333333332,59.03333333333333,67.83492769,48705.666666666664,31.8198064,36.93970242333333,50.197575,503.32443943333334
Plumas,2019,170,NA,32.5,NA,NA,0,51,NA,12,NA,0,0,NA,NA,NA,9.27754716981132,NA,NA,NA,NA,NA,NA,6063,88.66666666666667,138.9,NA,NA,NA,7,1,NA,NA,NA,NA,NA,NA,NA,-0.1490018665,-0.5125078733333334,-0.5601881695,0.3208315938333334,0.037757857166666665,0.43527479916666667,0.4733395893333333,-0.081986287,0.5281505271666667,79.86666666666666,98.71666666666667,73.86666666666667,93.21666666666667,6.2161768155,21.733333333333334,96.86666666666667,23.083333333333332,59.03333333333333,67.83492769,48705.666666666664,31.8198064,36.93970242333333,50.197575,503.32443943333334
Riverside,2017,16467.5,1038,3598.5,1006,477,91.5,4633,270.5,979,332.5,254.5,173.5,304,907,269,11.308947081287506,0.052745865970409055,0.004946428571428571,36.99618453000347,0.3622869708631116,18.071830985915494,0.6173553719008265,6065,9422.666666666666,112.6,53,18,99,1265,435,19,32,117,32,197,158,33,-0.2619824233710407,-0.3168657613031674,-0.3749287213031674,0.1380304259479638,-0.3066077540248869,-0.24606220480995475,-0.520660000040724,-0.0990993261923077,-0.19407011892986425,75.68914027149322,91.9210407239819,64.31719457013574,94.80497737556561,3.659886328821267,35.997737556561084,97.79737556561086,20.020588235294117,64.69140271493212,60.075250902307694,58975.565610859725,2.8229427785067873,30.728698956142985,51.76229368778281,737.7791582056561
Riverside,2018,16946.5,1058,3717.5,1153,443.5,107.5,4623,281.5,1021.5,321.5,238,216.5,369,945,300.5,10.232910737386804,0.05125403817914831,0.005288681318681319,36.22199312714777,0.3977401129943503,18.364781704781706,0.7426966292134831,6065,9422.666666666666,112.6,53,24,107,1287,390,5,56,128,22,174,148,26,-0.2619824233710407,-0.3168657613031674,-0.3749287213031674,0.1380304259479638,-0.3066077540248869,-0.24606220480995475,-0.520660000040724,-0.0990993261923077,-0.19407011892986425,75.68914027149322,91.9210407239819,64.31719457013574,94.80497737556561,3.659886328821267,35.997737556561084,97.79737556561086,20.020588235294117,64.69140271493212,60.075250902307694,58975.565610859725,2.8229427785067873,30.728698956142985,51.76229368778281,737.7791582056561
Riverside,2019,17099,1007,3735,1004,534.5,121.5,4716.5,304,1025,374,272.5,237.5,327,978.5,321,8.41092032967033,0.05037298766464562,0.0048104494382022476,32.092176116566364,0.37641873278236915,19.345431684828164,0.6649025069637883,6065,9422.666666666666,112.6,53,12,118,1230,365,7,32,121,28,215,163,30,-0.2619824233710407,-0.3168657613031674,-0.3749287213031674,0.1380304259479638,-0.3066077540248869,-0.24606220480995475,-0.520660000040724,-0.0990993261923077,-0.19407011892986425,75.68914027149322,91.9210407239819,64.31719457013574,94.80497737556561,3.659886328821267,35.997737556561084,97.79737556561086,20.020588235294117,64.69140271493212,60.075250902307694,58975.565610859725,2.8229427785067873,30.728698956142985,51.76229368778281,737.7791582056561
Sacramento,2017,12156.5,765,2624.5,615,461.5,91.5,2593,313.5,670.5,215.5,47.5,139.5,249,778,207.5,9.675857519788918,0.041283479061205705,0.0014901960784313726,18.033512064343164,0.44063886424134874,13.51628045157457,2.711353711790393,6067,9598.666666666666,127.3,69,88,209,1323,308,32,57,212,63,516,165,35,-0.023227483980456026,-0.15194365621824105,-0.1004096893257329,0.17352908356677524,0.29341619857980455,0.21269146556351792,0.20625193743322476,-0.09247843739087948,0.06453031712703583,82.96807817589577,94.85732899022801,56.06449511400651,92.60195439739414,6.804515367791531,45.68729641693811,97.95055374592833,28.932247557003258,67.69543973941369,62.40616172221498,59967.27361563518,13.91849861791531,40.28670584213127,86.77792208469056,408.1833591582736
Sacramento,2018,12078.5,849.5,2516.5,606.5,502,83.5,2580.5,290,686.5,217,58.5,134,280,794.5,208,12.236964656964657,0.041502150023889156,0.002,26.867572156196943,0.48510838831291236,13.718702513150205,0.8344632768361582,6067,9598.666666666666,127.3,69,90,205,1405,336,28,66,239,70,218,167,36,-0.023227483980456026,-0.15194365621824105,-0.1004096893257329,0.17352908356677524,0.29341619857980455,0.21269146556351792,0.20625193743322476,-0.09247843739087948,0.06453031712703583,82.96807817589577,94.85732899022801,56.06449511400651,92.60195439739414,6.804515367791531,45.68729641693811,97.95055374592833,28.932247557003258,67.69543973941369,62.40616172221498,59967.27361563518,13.91849861791531,40.28670584213127,86.77792208469056,408.1833591582736
Sacramento,2019,12232.5,759.5,2681,597,485,86,2530.5,273,754.5,212.5,68,153.5,233.5,809.5,207.5,7.100140581068416,0.04061875,0.0019743589743589744,19.72742474916388,0.42103990326481255,14.221097322011756,0.7722222222222223,6067,9598.666666666666,127.3,69,89,248,1430,309,28,65,272,74,231,176,40,-0.023227483980456026,-0.15194365621824105,-0.1004096893257329,0.17352908356677524,0.29341619857980455,0.21269146556351792,0.20625193743322476,-0.09247843739087948,0.06453031712703583,82.96807817589577,94.85732899022801,56.06449511400651,92.60195439739414,6.804515367791531,45.68729641693811,97.95055374592833,28.932247557003258,67.69543973941369,62.40616172221498,59967.27361563518,13.91849861791531,40.28670584213127,86.77792208469056,408.1833591582736
San Benito,2017,333.5,NA,81.5,22,13,NA,67.5,11,25,NA,NA,NA,NA,19.5,NA,4.889834024896266,0.040718446601941745,NA,18.924418604651162,NA,NA,NA,6069,333,114.8,NA,NA,NA,13,1,NA,NA,NA,NA,1,NA,NA,0.10351415654545454,0.24237404154545455,-0.22873079872727273,0.18544915163636363,0.21960982818181818,-0.2630364140909091,0.6164892334545454,0.037214752272727275,0.290803319,82.07272727272728,90.91818181818182,63.03636363636364,97.52727272727273,3.1595096965454545,41.9,99.26363636363637,18.927272727272726,71.07272727272728,69.89802645090909,73721.90909090909,4.639097936363637,39.454918651999996,36.626225454545455,652.5689415363636
San Benito,2018,289,NA,64.5,16.5,14,0,66.5,NA,21.5,NA,NA,NA,NA,20,NA,6.618336886993603,0.03996527777777778,NA,20.158333333333335,NA,NA,NA,6069,333,114.8,NA,NA,NA,11,6,NA,NA,NA,NA,NA,2,NA,0.10351415654545454,0.24237404154545455,-0.22873079872727273,0.18544915163636363,0.21960982818181818,-0.2630364140909091,0.6164892334545454,0.037214752272727275,0.290803319,82.07272727272728,90.91818181818182,63.03636363636364,97.52727272727273,3.1595096965454545,41.9,99.26363636363637,18.927272727272726,71.07272727272728,69.89802645090909,73721.90909090909,4.639097936363637,39.454918651999996,36.626225454545455,652.5689415363636
San Benito,2019,321.5,14,58,24,13.5,0,57,12,26.5,NA,NA,NA,NA,19,NA,4.530257510729614,0.03992997198879552,NA,16.598314606741575,NA,NA,NA,6069,333,114.8,NA,NA,NA,5,2,NA,NA,NA,NA,NA,1,NA,0.10351415654545454,0.24237404154545455,-0.22873079872727273,0.18544915163636363,0.21960982818181818,-0.2630364140909091,0.6164892334545454,0.037214752272727275,0.290803319,82.07272727272728,90.91818181818182,63.03636363636364,97.52727272727273,3.1595096965454545,41.9,99.26363636363637,18.927272727272726,71.07272727272728,69.89802645090909,73721.90909090909,4.639097936363637,39.454918651999996,36.626225454545455,652.5689415363636
San Bernardino,2017,14669,787.5,3010.5,953.5,703,142.5,3447,261.5,770.5,343,257.5,117,259,821,229.5,11.669824561403509,0.05454491166956955,0.01100952380952381,27.488301886792453,0.49341994970662195,32.24381461675579,1.4994344957587182,6071,10816.333333333334,111.1,65,53,166,1131,320,18,58,111,24,514,162,41,-0.32296648567966574,-0.46386626188300834,-0.37761182488857936,0.04154151366016713,-0.22137382591643454,-0.20788440652089135,-0.6609382675097493,-0.12724226925069637,-0.2350304827437326,76.72311977715877,90.56100278551531,59.39888579387187,93.99136490250696,4.104582087362117,39.98384401114206,97.45097493036212,18.11476323119777,63.52646239554318,56.25282711966574,55159.33147632312,4.402870239554318,35.035326140992204,59.19957381615599,664.9738581332402
San Bernardino,2018,14754,713.5,3062.5,928,706,135,3558.5,244,878,335,247.5,136,311.5,739.5,239,11.269344687152905,0.0550315,0.006053571428571429,26.658462703521394,0.4355751391465677,31.13294797687861,1.4188280499519692,6071,10816.333333333334,111.1,65,55,169,1200,324,23,54,123,20,470,136,42,-0.32296648567966574,-0.46386626188300834,-0.37761182488857936,0.04154151366016713,-0.22137382591643454,-0.20788440652089135,-0.6609382675097493,-0.12724226925069637,-0.2350304827437326,76.72311977715877,90.56100278551531,59.39888579387187,93.99136490250696,4.104582087362117,39.98384401114206,97.45097493036212,18.11476323119777,63.52646239554318,56.25282711966574,55159.33147632312,4.402870239554318,35.035326140992204,59.19957381615599,664.9738581332402
San Bernardino,2019,14941.5,706.5,3015,941,685.5,156.5,3598,283,851.5,391.5,271,126,281.5,801,232,9.582995796713794,0.053437359339834956,0.00611864406779661,23.896781789638933,0.39663236669784846,30.166557734204794,1.860559305689489,6071,10816.333333333334,111.1,65,56,185,1366,320,23,53,130,33,434,152,43,-0.32296648567966574,-0.46386626188300834,-0.37761182488857936,0.04154151366016713,-0.22137382591643454,-0.20788440652089135,-0.6609382675097493,-0.12724226925069637,-0.2350304827437326,76.72311977715877,90.56100278551531,59.39888579387187,93.99136490250696,4.104582087362117,39.98384401114206,97.45097493036212,18.11476323119777,63.52646239554318,56.25282711966574,55159.33147632312,4.402870239554318,35.035326140992204,59.19957381615599,664.9738581332402
San Diego,2017,22160,1461,5156,1036.5,824.5,87.5,4901,474,1272,381.5,78.5,363,402,1405.5,444,8.922461814914644,0.046225668449197864,0.015432576923076924,22.502463054187192,0.5991758241758242,18.482225010455878,0.2642441860465116,6073,9882.666666666666,129.1,68,97,251,2614,703,43,135,279,94,672,284,65,0.08574608320292208,0.08219731402272727,0.05498476893506493,0.12860932120616883,0.10908818648863637,-0.03222105968344156,0.28637339983116883,-0.027551110863636364,0.2752050278831169,80.73198051948052,93.07467532467533,53.56233766233766,93.88133116883117,6.589619454667208,53.09285714285714,97.45051948051947,34.736038961038965,69.21737012987013,67.21725032464286,69388.35064935064,4.453020335551948,47.14075823403247,81.55199433441558,304.7622928936688
San Diego,2018,22237,1476,5131.5,1023,791.5,90.5,4796.5,463,1315.5,335.5,97.5,369,460.5,1491,462.5,9.974008399440038,0.0449771621115687,0.014213910614525139,22.83777239709443,0.5355281207133059,16.94991789819376,0.2667621776504298,6073,9882.666666666666,129.1,68,87,233,2665,720,29,163,304,82,540,355,75,0.08574608320292208,0.08219731402272727,0.05498476893506493,0.12860932120616883,0.10908818648863637,-0.03222105968344156,0.28637339983116883,-0.027551110863636364,0.2752050278831169,80.73198051948052,93.07467532467533,53.56233766233766,93.88133116883117,6.589619454667208,53.09285714285714,97.45051948051947,34.736038961038965,69.21737012987013,67.21725032464286,69388.35064935064,4.453020335551948,47.14075823403247,81.55199433441558,304.7622928936688
San Diego,2019,22558,1555,5152,1027,777,93.5,4815.5,440,1362.5,369.5,138,384,298.5,1655,431,9.305150812064966,0.043191267387944356,0.008829395604395605,23.8135593220339,0.5252054794520548,17.16829363529871,0.1924198250728863,6073,9882.666666666666,129.1,68,86,281,2910,717,55,147,310,88,445,271,84,0.08574608320292208,0.08219731402272727,0.05498476893506493,0.12860932120616883,0.10908818648863637,-0.03222105968344156,0.28637339983116883,-0.027551110863636364,0.2752050278831169,80.73198051948052,93.07467532467533,53.56233766233766,93.88133116883117,6.589619454667208,53.09285714285714,97.45051948051947,34.736038961038965,69.21737012987013,67.21725032464286,69388.35064935064,4.453020335551948,47.14075823403247,81.55199433441558,304.7622928936688
San Francisco,2017,6083,329.5,1399,231.5,148,53,1299.5,82,363,99.5,104,76.5,127,420,108,9.680167597765363,0.028708683473389354,0.007644444444444444,20.9,0.5024725274725275,23.842105263157894,NA,6075,2926.3333333333335,122.4,19,75,409,1286,291,33,246,125,127,387,202,56,0.4736494048730159,0.6011149981005292,0.5873492417037037,-0.26282168932804234,0.7974926012804233,0.3669760171640212,0.20994293012169313,0.5701316484814815,0.1531973917830688,89.08306878306878,93.32010582010582,38.195238095238096,71.32275132275132,51.20508840957672,71.81555555555556,97.33407407407407,53.643915343915346,76.31111111111112,72.31067754624338,85127.40211640211,6.913235283597884,89.38900821088889,99.01958873015873,181.81765482645503
San Francisco,2018,5940,282,1463,191.5,125.5,44,1236,80,408.5,106,83,60,133,419,81.5,11.676487252124646,0.02917548746518106,0.009947,18.833333333333332,0.43424657534246575,22.21578947368421,NA,6075,2926.3333333333335,122.4,19,63,368,1166,232,34,238,107,133,322,208,52,0.4736494048730159,0.6011149981005292,0.5873492417037037,-0.26282168932804234,0.7974926012804233,0.3669760171640212,0.20994293012169313,0.5701316484814815,0.1531973917830688,89.08306878306878,93.32010582010582,38.195238095238096,71.32275132275132,51.20508840957672,71.81555555555556,97.33407407407407,53.643915343915346,76.31111111111112,72.31067754624338,85127.40211640211,6.913235283597884,89.38900821088889,99.01958873015873,181.81765482645503
San Francisco,2019,6098.5,295.5,1330,194,135,36,1360,89.5,598,91.5,93.5,76.5,106.5,401,92,7.667409470752089,0.03179329608938548,0.0034271428571428573,13.733333333333333,0.3712328767123288,19.57130919220056,NA,6075,2926.3333333333335,122.4,19,78,349,1083,182,23,159,102,96,364,172,44,0.4736494048730159,0.6011149981005292,0.5873492417037037,-0.26282168932804234,0.7974926012804233,0.3669760171640212,0.20994293012169313,0.5701316484814815,0.1531973917830688,89.08306878306878,93.32010582010582,38.195238095238096,71.32275132275132,51.20508840957672,71.81555555555556,97.33407407407407,53.643915343915346,76.31111111111112,72.31067754624338,85127.40211640211,6.913235283597884,89.38900821088889,99.01958873015873,181.81765482645503
San Joaquin,2017,5379,279,1072.5,319,200.5,73,1077,82,345,146,104,48,135.5,319,83.5,10.772834937083642,0.040470149253731345,0.00485,25.43949044585987,0.41444444444444445,17.720118343195267,NA,6077,4599.333333333333,116.2,25,16,2,410,159,11,8,58,7,40,67,10,-0.30725609428985506,-0.5320468634202898,-0.4040717513985507,0.08197271680434783,-0.08989366823188405,0.013014905195652175,-0.23321770852898552,-0.22684003749275364,-0.14459639311594202,78.31811594202898,91.73768115942029,53.620289855072464,92.07028985507246,4.3779494944710144,40.10144927536232,97.4572463768116,16.368840579710145,63.23623188405797,54.62253594195652,52205.29710144927,9.229931845652175,41.084854914171736,78.84558949275362,584.283069815942
San Joaquin,2018,5467,255.5,1146.5,282.5,194.5,60.5,1150.5,75.5,320,134,133.5,56,133.5,370,75.5,14.722066057624737,0.040776685393258426,0.005445322580645161,27.282894736842106,0.4544927536231884,18.55960729312763,NA,6077,4599.333333333333,116.2,25,3,7,527,157,10,10,28,6,34,51,12,-0.30725609428985506,-0.5320468634202898,-0.4040717513985507,0.08197271680434783,-0.08989366823188405,0.013014905195652175,-0.23321770852898552,-0.22684003749275364,-0.14459639311594202,78.31811594202898,91.73768115942029,53.620289855072464,92.07028985507246,4.3779494944710144,40.10144927536232,97.4572463768116,16.368840579710145,63.23623188405797,54.62253594195652,52205.29710144927,9.229931845652175,41.084854914171736,78.84558949275362,584.283069815942
San Joaquin,2019,5509,274,1108,262,163.5,60,1156,74.5,357.5,123.5,105.5,48,115,391,81,8.258990053557765,0.03999281609195402,0.004118813559322034,23.467142857142857,0.37589041095890413,18.134950071326678,NA,6077,4599.333333333333,116.2,25,7,10,515,162,4,2,28,9,18,68,6,-0.30725609428985506,-0.5320468634202898,-0.4040717513985507,0.08197271680434783,-0.08989366823188405,0.013014905195652175,-0.23321770852898552,-0.22684003749275364,-0.14459639311594202,78.31811594202898,91.73768115942029,53.620289855072464,92.07028985507246,4.3779494944710144,40.10144927536232,97.4572463768116,16.368840579710145,63.23623188405797,54.62253594195652,52205.29710144927,9.229931845652175,41.084854914171736,78.84558949275362,584.283069815942
San Luis Obispo,2017,2491.5,188.5,510.5,181,55.5,NA,549.5,28.5,124,32,26.5,45.5,51.5,196,54,7.81882605583393,0.041194590230117074,NA,23.990371991247265,NA,9.313617606602476,0.008241758241758242,6079,752.3333333333334,143.5,NA,NA,22,81,49,2,2,14,6,40,12,1,0.19736837745833333,0.08827234977083333,0.12457707508333334,0.27563241752083334,0.34224437754166664,-0.1812765285,0.665145633875,0.15540710852083334,0.6608134149375,83.56041666666667,96.45625,57.7125,95.4125,8.7984551258125,53.37291666666667,98.36041666666667,35.35,70.77083333333333,68.22132990958333,62438.916666666664,8.326603516666667,31.414606269375,55.03403791666667,499.62970009916666
San Luis Obispo,2018,2428.5,123,571,151.5,39,NA,474,51.5,113.5,53.5,35,37.5,47,243.5,57.5,7.107266187050359,0.04033775100401606,NA,22.87815631262525,NA,9.382022471910112,0.0684931506849315,6079,752.3333333333334,143.5,NA,1,23,64,50,5,2,17,17,51,11,1,0.19736837745833333,0.08827234977083333,0.12457707508333334,0.27563241752083334,0.34224437754166664,-0.1812765285,0.665145633875,0.15540710852083334,0.6608134149375,83.56041666666667,96.45625,57.7125,95.4125,8.7984551258125,53.37291666666667,98.36041666666667,35.35,70.77083333333333,68.22132990958333,62438.916666666664,8.326603516666667,31.414606269375,55.03403791666667,499.62970009916666
San Luis Obispo,2019,2353,129,529.5,122.5,49,NA,456.5,47.5,137.5,51.5,43,34,47.5,255.5,47.5,5.646018322762509,0.03940636327023762,NA,18.563804173354736,NA,8.12707182320442,0.17307692307692307,6079,752.3333333333334,143.5,NA,1,23,49,42,3,2,22,7,36,15,4,0.19736837745833333,0.08827234977083333,0.12457707508333334,0.27563241752083334,0.34224437754166664,-0.1812765285,0.665145633875,0.15540710852083334,0.6608134149375,83.56041666666667,96.45625,57.7125,95.4125,8.7984551258125,53.37291666666667,98.36041666666667,35.35,70.77083333333333,68.22132990958333,62438.916666666664,8.326603516666667,31.414606269375,55.03403791666667,499.62970009916666
San Mateo,2017,4737,308.5,1079.5,200.5,109.5,13,1109.5,100,185.5,62.5,75.5,75.5,125,337.5,55,9.005898876404494,0.03157627118644068,0.015095238095238096,NA,0.5192307692307693,21.661432506887053,NA,6081,2128,137.8,14,9,149,717,146,10,7,23,11,38,46,49,0.6381711375769231,0.9609226794807693,0.4939159853846154,0.27969846662820513,0.7952950616602564,0.34100679475,0.6622241031538462,0.3084479279038462,0.7116471710705128,89.05641025641026,92.8576923076923,61.94358974358974,94.89615384615385,13.084818759935898,66.99435897435897,98.44871794871794,47.33910256410256,76.92564102564103,80.50421538076922,104875.40256410257,16.256288967948716,59.409982271333334,87.80512935897436,377.81505520045164
San Mateo,2018,4781.5,365.5,1117,182,104.5,12,1116.5,81.5,172,73,76.5,72.5,119.5,308.5,72,10.543098591549295,0.029707520891364903,NA,NA,0.5183561643835617,20.912534818941506,NA,6081,2128,137.8,14,10,152,807,122,7,10,21,10,36,32,37,0.6381711375769231,0.9609226794807693,0.4939159853846154,0.27969846662820513,0.7952950616602564,0.34100679475,0.6622241031538462,0.3084479279038462,0.7116471710705128,89.05641025641026,92.8576923076923,61.94358974358974,94.89615384615385,13.084818759935898,66.99435897435897,98.44871794871794,47.33910256410256,76.92564102564103,80.50421538076922,104875.40256410257,16.256288967948716,59.409982271333334,87.80512935897436,377.81505520045164
San Mateo,2019,4703.5,344,1092.5,149.5,96.5,14,1139.5,94,203,68.5,61.5,83.5,87,342,62.5,6.986046511627907,0.03267787114845938,NA,NA,0.483013698630137,19.505524861878452,NA,6081,2128,137.8,14,14,159,824,114,9,6,16,8,19,48,66,0.6381711375769231,0.9609226794807693,0.4939159853846154,0.27969846662820513,0.7952950616602564,0.34100679475,0.6622241031538462,0.3084479279038462,0.7116471710705128,89.05641025641026,92.8576923076923,61.94358974358974,94.89615384615385,13.084818759935898,66.99435897435897,98.44871794871794,47.33910256410256,76.92564102564103,80.50421538076922,104875.40256410257,16.256288967948716,59.409982271333334,87.80512935897436,377.81505520045164
Santa Barbara,2017,3248,229,673.5,188.5,78,12,801.5,50,188.5,53.5,28.5,47,53.5,190.5,60,8.88432,0.03845986124876115,NA,24.71716247139588,0.26252556237218816,5.7815487838971205,0.38232558139534883,6083,1304,138.7,8,2,40,275,74,NA,5,29,5,77,23,6,0.18858085790361445,0.16342060977108433,0.036619627831325295,0.010028972843373495,-0.03725939148192771,-0.008856984662650603,1.029831748120482,0.13616822263855421,0.5455080215180723,78.9566265060241,89.92409638554217,52.45783132530121,93.29518072289157,11.22090062893976,53.73855421686747,97.52289156626506,32.83253012048193,72.28072289156627,64.95319012833735,69377.578313253,6.020834030120482,46.11554954196386,82.32206506024096,388.96761762771087
Santa Barbara,2018,3217,246.5,701,156,88.5,12.5,696,41,190.5,56.5,30.5,54.5,68.5,188,51.5,7.305855855855856,0.03776045627376426,NA,20.889215274863616,0.2514460511679644,5.346313028271641,0.6143667296786389,6083,1304,138.7,8,NA,43,325,98,3,16,23,15,67,36,9,0.18858085790361445,0.16342060977108433,0.036619627831325295,0.010028972843373495,-0.03725939148192771,-0.008856984662650603,1.029831748120482,0.13616822263855421,0.5455080215180723,78.9566265060241,89.92409638554217,52.45783132530121,93.29518072289157,11.22090062893976,53.73855421686747,97.52289156626506,32.83253012048193,72.28072289156627,64.95319012833735,69377.578313253,6.020834030120482,46.11554954196386,82.32206506024096,388.96761762771087
Santa Barbara,2019,3296,229.5,681.5,135.5,81,24.5,785.5,39,224,67,23,50,63.5,212.5,65,5.1460474308300395,0.03715584813227189,NA,16.639335476956056,0.1664179104477612,4.91009657594381,0.42160737812911725,6083,1304,138.7,8,3,45,274,97,11,11,28,11,58,33,10,0.18858085790361445,0.16342060977108433,0.036619627831325295,0.010028972843373495,-0.03725939148192771,-0.008856984662650603,1.029831748120482,0.13616822263855421,0.5455080215180723,78.9566265060241,89.92409638554217,52.45783132530121,93.29518072289157,11.22090062893976,53.73855421686747,97.52289156626506,32.83253012048193,72.28072289156627,64.95319012833735,69377.578313253,6.020834030120482,46.11554954196386,82.32206506024096,388.96761762771087
Santa Clara,2017,10777,131.5,2530.5,375.5,463,49,2223.5,480,547,151.5,80.5,140.5,240.5,657.5,139,8.895731707317074,0.03944380952380953,0.02713716216216216,20.62962962962963,0.6486750348675034,25.32934472934473,0.6275449101796408,6085,5205,122.3,50,104,154,1628,450,58,174,280,108,486,214,71,0.46824756075616436,0.761538656969863,0.368149212569863,0.2239721405479452,0.6743129836164383,0.1335245539589041,0.2834355172931507,0.07790323252876713,0.6942919808986301,87.58876712328767,91.86027397260274,58.696164383561644,94.88958904109589,7.692162953369863,59.3041095890411,97.99013698630137,47.22931506849315,73.90109589041096,77.51534739487671,101640.45479452054,9.320432715342466,55.601790394860274,83.87742739726028,439.2913216586301
Santa Clara,2018,10624,504,2515.5,368.5,459,36.5,2147.5,421.5,548,169,65,145.5,232.5,703.5,155.5,10.92190395956192,0.036468204053109715,0.03305,21.97457627118644,0.6334246575342466,24.39405255878285,0.7111111111111111,6085,5205,122.3,50,83,206,1718,433,60,150,282,102,374,207,76,0.46824756075616436,0.761538656969863,0.368149212569863,0.2239721405479452,0.6743129836164383,0.1335245539589041,0.2834355172931507,0.07790323252876713,0.6942919808986301,87.58876712328767,91.86027397260274,58.696164383561644,94.88958904109589,7.692162953369863,59.3041095890411,97.99013698630137,47.22931506849315,73.90109589041096,77.51534739487671,101640.45479452054,9.320432715342466,55.601790394860274,83.87742739726028,439.2913216586301
Santa Clara,2019,10598,517,2432.5,334,505.5,50,2048,407,607,172,66,203.5,185.5,697,171,7.482,0.036978472222222225,0.03412852272727273,18.258333333333333,0.5763411279229711,22.58753462603878,0.5478386167146974,6085,5205,122.3,50,103,184,1706,405,61,150,268,117,387,204,79,0.46824756075616436,0.761538656969863,0.368149212569863,0.2239721405479452,0.6743129836164383,0.1335245539589041,0.2834355172931507,0.07790323252876713,0.6942919808986301,87.58876712328767,91.86027397260274,58.696164383561644,94.88958904109589,7.692162953369863,59.3041095890411,97.99013698630137,47.22931506849315,73.90109589041096,77.51534739487671,101640.45479452054,9.320432715342466,55.601790394860274,83.87742739726028,439.2913216586301
Santa Cruz,2017,1715,92,394.5,72.5,39,NA,381.5,31.5,124,34.5,19,22,37.5,92,43.5,6.40409604519774,0.03493351800554017,NA,NA,NA,NA,NA,6087,764.6666666666666,135,11,6,16,64,28,NA,2,17,NA,22,7,2,0.2478166277254902,0.23726426670588235,0.12154094494117645,0.08659132356862745,0.3434061156862745,0.3985947060392157,0.6917183981960784,0.14325810307843137,0.36131479464705885,83.57450980392157,93.62352941176471,59.52156862745098,94.62745098039215,9.579121418764705,49.20823529411765,98.26862745098039,38.707843137254905,71.42156862745098,70.06494105235294,71619.76470588235,25.153502115686276,42.76558122509804,78.60764803921569,424.0766744509804
Santa Cruz,2018,1704,91.5,426.5,67,44.5,NA,328.5,33,124.5,38.5,12.5,15.5,48.5,79.5,39,7.357708628005658,0.035825352112676054,NA,NA,NA,NA,NA,6087,764.6666666666666,135,11,5,19,73,40,NA,NA,23,1,18,14,3,0.2478166277254902,0.23726426670588235,0.12154094494117645,0.08659132356862745,0.3434061156862745,0.3985947060392157,0.6917183981960784,0.14325810307843137,0.36131479464705885,83.57450980392157,93.62352941176471,59.52156862745098,94.62745098039215,9.579121418764705,49.20823529411765,98.26862745098039,38.707843137254905,71.42156862745098,70.06494105235294,71619.76470588235,25.153502115686276,42.76558122509804,78.60764803921569,424.0766744509804
Santa Cruz,2019,1756.5,100.5,424,67,36.5,NA,346.5,42,129,38,15.5,31,28.5,96.5,46.5,5.620086083213773,0.035425,NA,NA,NA,NA,NA,6087,764.6666666666666,135,11,2,10,67,37,NA,NA,17,NA,6,7,2,0.2478166277254902,0.23726426670588235,0.12154094494117645,0.08659132356862745,0.3434061156862745,0.3985947060392157,0.6917183981960784,0.14325810307843137,0.36131479464705885,83.57450980392157,93.62352941176471,59.52156862745098,94.62745098039215,9.579121418764705,49.20823529411765,98.26862745098039,38.707843137254905,71.42156862745098,70.06494105235294,71619.76470588235,25.153502115686276,42.76558122509804,78.60764803921569,424.0766744509804
Shasta,2017,2434.5,164,439.5,206,57,12,591.5,32.5,131,42,22,26.5,50,106,56,5.211235955056179,0.040598824393828066,NA,16.652694610778443,NA,NA,NA,6089,654,138.8,NA,NA,26,106,37,NA,3,31,3,26,7,1,-0.1504130317173913,-0.5638587350652173,-0.23578053717391304,0.2028751502826087,0.08279728160869565,0.09019709954347825,0.8139829471956521,-0.19290408932608696,0.37574834784782607,80.41304347826087,97.62391304347827,63.186956521739134,92.87826086956521,4.076636850826087,46.27608695652174,98.05434782608695,19.73695652173913,61.62826086956522,59.36310251543478,47513.108695652176,21.497180754347827,21.771681119869566,44.26870217391304,367.6274565378261
Shasta,2018,2411.5,141.5,463.5,207,60.5,14,535.5,46,147,59.5,13.5,20.5,70,121.5,49,9.561676646706587,0.04055699088145897,NA,23.709302325581394,NA,NA,NA,6089,654,138.8,NA,NA,20,126,41,NA,3,19,NA,20,7,1,-0.1504130317173913,-0.5638587350652173,-0.23578053717391304,0.2028751502826087,0.08279728160869565,0.09019709954347825,0.8139829471956521,-0.19290408932608696,0.37574834784782607,80.41304347826087,97.62391304347827,63.186956521739134,92.87826086956521,4.076636850826087,46.27608695652174,98.05434782608695,19.73695652173913,61.62826086956522,59.36310251543478,47513.108695652176,21.497180754347827,21.771681119869566,44.26870217391304,367.6274565378261
Shasta,2019,2332.5,154.5,439,192.5,56,NA,532.5,36.5,134.5,55.5,19,27,52.5,99.5,52.5,3.7486301369863013,0.039611510791366905,NA,12.497206703910615,NA,NA,NA,6089,654,138.8,NA,1,14,159,42,NA,2,19,2,13,9,NA,-0.1504130317173913,-0.5638587350652173,-0.23578053717391304,0.2028751502826087,0.08279728160869565,0.09019709954347825,0.8139829471956521,-0.19290408932608696,0.37574834784782607,80.41304347826087,97.62391304347827,63.186956521739134,92.87826086956521,4.076636850826087,46.27608695652174,98.05434782608695,19.73695652173913,61.62826086956522,59.36310251543478,47513.108695652176,21.497180754347827,21.771681119869566,44.26870217391304,367.6274565378261
Siskiyou,2017,537,25.5,119,36,18,NA,122,NA,33.5,12,NA,NA,14,27.5,NA,6.6140449438202245,0.027318181818181818,NA,NA,NA,NA,NA,6093,148.33333333333334,85.3,NA,NA,NA,16,9,NA,NA,NA,NA,NA,NA,NA,-0.2453512129090909,-1.0025800903636364,-0.21244841154545455,0.1442225281818182,0.1431720490909091,0.2505735289090909,0.8646114779090909,-0.05175948118181818,0.4095429504545455,81.14545454545454,96.83636363636364,64.44545454545455,92.43636363636364,7.983250040545454,50.24545454545455,97.15454545454546,21.554545454545455,56.13636363636363,51.42391531636363,38173.63636363636,25.143775527272727,28.538605384545455,50.411117272727274,386.7244703
Siskiyou,2018,499.5,23.5,104,44.5,18.5,NA,110.5,NA,33.5,12,NA,NA,NA,26.5,NA,17.12373417721519,0.04,NA,NA,NA,NA,NA,6093,148.33333333333334,85.3,NA,NA,NA,18,7,1,NA,NA,NA,NA,4,NA,-0.2453512129090909,-1.0025800903636364,-0.21244841154545455,0.1442225281818182,0.1431720490909091,0.2505735289090909,0.8646114779090909,-0.05175948118181818,0.4095429504545455,81.14545454545454,96.83636363636364,64.44545454545455,92.43636363636364,7.983250040545454,50.24545454545455,97.15454545454546,21.554545454545455,56.13636363636363,51.42391531636363,38173.63636363636,25.143775527272727,28.538605384545455,50.411117272727274,386.7244703
Siskiyou,2019,553,27.5,132,46,13,NA,118.5,NA,38.5,15,NA,NA,15,26,14.5,5.055021834061136,0.03511965811965812,NA,NA,NA,NA,NA,6093,148.33333333333334,85.3,NA,NA,NA,16,7,NA,NA,NA,NA,NA,1,NA,-0.2453512129090909,-1.0025800903636364,-0.21244841154545455,0.1442225281818182,0.1431720490909091,0.2505735289090909,0.8646114779090909,-0.05175948118181818,0.4095429504545455,81.14545454545454,96.83636363636364,64.44545454545455,92.43636363636364,7.983250040545454,50.24545454545455,97.15454545454546,21.554545454545455,56.13636363636363,51.42391531636363,38173.63636363636,25.143775527272727,28.538605384545455,50.411117272727274,386.7244703
Solano,2017,3386.5,214,834.5,159,169.5,35.5,597,86,157.5,72,25,24,99,259,46.5,10.393314763231198,0.03751931330472103,NA,17.4,0.5647382920110193,17.684831460674157,1.4183098591549297,6095,3398.6666666666665,126.1,20,7,27,374,99,3,1,23,1,5,33,1,0.027755743580645156,0.02503556649462365,-0.2070024220752688,0.2541764717634409,0.47048625778494624,0.10444709891397849,0.7366348868817204,-0.08611457088172043,-0.1215744394623656,85.11612903225806,95.20752688172043,58.54731182795699,93.74731182795699,5.399366855043011,46.278064516129035,97.28064516129032,24.454838709677418,67.42258064516129,68.58452724752688,68387.10752688172,9.237280988172042,40.96336347932258,86.7808959139785,282.30344700129035
Solano,2018,3479.5,218,832.5,168.5,170.5,22.5,619.5,80,193,58,49,28.5,117,201,67,12.437537537537537,0.03535019083969466,NA,16.491525423728813,0.5359649122807018,16.410179640718564,1.1746223564954683,6095,3398.6666666666665,126.1,20,9,37,395,92,NA,2,25,1,11,29,2,0.027755743580645156,0.02503556649462365,-0.2070024220752688,0.2541764717634409,0.47048625778494624,0.10444709891397849,0.7366348868817204,-0.08611457088172043,-0.1215744394623656,85.11612903225806,95.20752688172043,58.54731182795699,93.74731182795699,5.399366855043011,46.278064516129035,97.28064516129032,24.454838709677418,67.42258064516129,68.58452724752688,68387.10752688172,9.237280988172042,40.96336347932258,86.7808959139785,282.30344700129035
Solano,2019,3408.5,213,825,186.5,163.5,28,542.5,84.5,179.5,65,42.5,28,82,203.5,62,8.714944134078213,0.035972222222222225,NA,12.125,0.47307692307692306,16.223333333333333,1.007799442896936,6095,3398.6666666666665,126.1,20,5,28,424,92,2,2,7,NA,8,41,3,0.027755743580645156,0.02503556649462365,-0.2070024220752688,0.2541764717634409,0.47048625778494624,0.10444709891397849,0.7366348868817204,-0.08611457088172043,-0.1215744394623656,85.11612903225806,95.20752688172043,58.54731182795699,93.74731182795699,5.399366855043011,46.278064516129035,97.28064516129032,24.454838709677418,67.42258064516129,68.58452724752688,68387.10752688172,9.237280988172042,40.96336347932258,86.7808959139785,282.30344700129035
Sonoma,2017,4202,304,981,227,137.5,11.5,890.5,72,208.5,54.5,30.5,63,72.5,231.5,69,8.095068493150684,0.033615062761506276,NA,14.373246024321796,0.4843835616438356,11.462362637362638,NA,6097,1732.3333333333333,128.8,24,5,18,370,67,3,1,6,NA,16,22,3,0.25944160190909094,0.24874993595959596,0.06585606819191919,0.23439922403030303,0.35275144970707073,0.07613697857575757,0.8876858487272727,0.05993156004040404,0.725727251080808,83.68787878787879,95.00404040404041,59.68787878787879,95.1070707070707,6.975971461909091,52.38484848484848,98.19292929292929,33.124242424242425,72.31818181818181,71.33978318949495,67265.47474747474,15.838884726262627,37.51865020781515,72.50686858585858,481.5990849
Sonoma,2018,4083,283,966.5,182.5,115.5,11,905,52,213.5,64.5,34,67,85.5,248.5,74.5,8.4,0.03320197740112994,NA,15.987940630797773,0.4480769230769231,10.831920903954803,NA,6097,1732.3333333333333,128.8,24,2,15,491,81,2,NA,4,NA,9,27,2,0.25944160190909094,0.24874993595959596,0.06585606819191919,0.23439922403030303,0.35275144970707073,0.07613697857575757,0.8876858487272727,0.05993156004040404,0.725727251080808,83.68787878787879,95.00404040404041,59.68787878787879,95.1070707070707,6.975971461909091,52.38484848484848,98.19292929292929,33.124242424242425,72.31818181818181,71.33978318949495,67265.47474747474,15.838884726262627,37.51865020781515,72.50686858585858,481.5990849
Sonoma,2019,4084.5,281,925.5,159,114,NA,867.5,51.5,222.5,58.5,32.5,79,58.5,261,81,5.678134110787172,0.032745098039215687,NA,11.773879142300196,0.3466666666666667,9.621220930232559,NA,6097,1732.3333333333333,128.8,24,1,22,458,95,2,1,6,NA,9,22,NA,0.25944160190909094,0.24874993595959596,0.06585606819191919,0.23439922403030303,0.35275144970707073,0.07613697857575757,0.8876858487272727,0.05993156004040404,0.725727251080808,83.68787878787879,95.00404040404041,59.68787878787879,95.1070707070707,6.975971461909091,52.38484848484848,98.19292929292929,33.124242424242425,72.31818181818181,71.33978318949495,67265.47474747474,15.838884726262627,37.51865020781515,72.50686858585858,481.5990849
Stanislaus,2017,4701.5,357,936,275.5,167.5,26.5,1078.5,100.5,239,118.5,87,67,88,260,55,12.771214017521903,0.04505734265734266,NA,30.516746411483254,0.41506849315068495,21.200285714285716,NA,6099,2957.6666666666665,117.7,25,3,27,369,113,1,9,23,13,40,57,7,-0.3842514359361702,-0.6070124033510639,-0.47497497372340425,0.052366322882978725,-0.0885807914893617,0.003241479425531915,-0.7166551438829787,-0.2426321350106383,-0.2391022785,78.3340425531915,92.21063829787234,54.42659574468085,92.2127659574468,3.814607142957447,37.48510638297872,97.17872340425532,15.063829787234042,62.67127659574468,53.48461859031915,48831.98936170213,7.9180037340425535,41.53688165886915,81.48670723404256,854.0354178840425
Stanislaus,2018,4622.5,289.5,928.5,259.5,186.5,19.5,1105,81,259.5,103,100,49.5,93.5,252,62.5,15.836625,0.04363572433192686,NA,32.042929292929294,0.41949860724233984,20.38434065934066,NA,6099,2957.6666666666665,117.7,25,5,30,352,105,1,5,21,11,39,35,12,-0.3842514359361702,-0.6070124033510639,-0.47497497372340425,0.052366322882978725,-0.0885807914893617,0.003241479425531915,-0.7166551438829787,-0.2426321350106383,-0.2391022785,78.3340425531915,92.21063829787234,54.42659574468085,92.2127659574468,3.814607142957447,37.48510638297872,97.17872340425532,15.063829787234042,62.67127659574468,53.48461859031915,48831.98936170213,7.9180037340425535,41.53688165886915,81.48670723404256,854.0354178840425
Stanislaus,2019,4766,315,940,289,145,12.5,1089,94,251,120,98,65.5,79,267.5,74.5,9.140100250626567,0.04258565153733528,NA,27.32107843137255,0.3750684931506849,19.143956043956045,NA,6099,2957.6666666666665,117.7,25,NA,25,421,92,9,11,27,7,27,55,6,-0.3842514359361702,-0.6070124033510639,-0.47497497372340425,0.052366322882978725,-0.0885807914893617,0.003241479425531915,-0.7166551438829787,-0.2426321350106383,-0.2391022785,78.3340425531915,92.21063829787234,54.42659574468085,92.2127659574468,3.814607142957447,37.48510638297872,97.17872340425532,15.063829787234042,62.67127659574468,53.48461859031915,48831.98936170213,7.9180037340425535,41.53688165886915,81.48670723404256,854.0354178840425
Sutter,2017,667.5,51,133.5,36,20.5,NA,158,14.5,35.5,16,15,NA,19,46,14,10.652161383285302,0.03939659367396594,NA,20.687671232876713,0.1465909090909091,16.30644257703081,NA,6101,288.6666666666667,105.2,NA,NA,NA,82,6,NA,NA,NA,NA,NA,2,NA,-0.19211311242857143,-0.42930013733333333,-0.33344451747619047,0.2813988650952381,-0.08392880323809523,-0.1780189426190476,0.05161645204761905,-0.17745751085714284,0.3427440366666667,78.39047619047619,93.47142857142858,58.84761904761905,93.40476190476191,3.724081177904762,43.647619047619045,97.60952380952381,17.423809523809524,64.15714285714286,57.13654919857143,54722.09523809524,9.764082271428572,23.975147295509522,61.244369047619045,697.2287450857143
Sutter,2018,678,60,165.5,26.5,24,NA,125.5,13,48.5,14,17,NA,27,45.5,NA,14.446820809248555,0.042497345132743364,NA,31.005988023952096,0.2756476683937824,17.22932960893855,NA,6101,288.6666666666667,105.2,NA,NA,NA,87,11,NA,1,NA,NA,NA,2,NA,-0.19211311242857143,-0.42930013733333333,-0.33344451747619047,0.2813988650952381,-0.08392880323809523,-0.1780189426190476,0.05161645204761905,-0.17745751085714284,0.3427440366666667,78.39047619047619,93.47142857142858,58.84761904761905,93.40476190476191,3.724081177904762,43.647619047619045,97.60952380952381,17.423809523809524,64.15714285714286,57.13654919857143,54722.09523809524,9.764082271428572,23.975147295509522,61.244369047619045,697.2287450857143
Sutter,2019,692,39,145.5,46.5,19,NA,148,14,42,19,18,16.5,16,54,13.5,8.266384180790961,0.04084982332155477,NA,22.322222222222223,NA,15.145906432748538,NA,6101,288.6666666666667,105.2,NA,NA,NA,97,20,NA,NA,NA,NA,NA,NA,NA,-0.19211311242857143,-0.42930013733333333,-0.33344451747619047,0.2813988650952381,-0.08392880323809523,-0.1780189426190476,0.05161645204761905,-0.17745751085714284,0.3427440366666667,78.39047619047619,93.47142857142858,58.84761904761905,93.40476190476191,3.724081177904762,43.647619047619045,97.60952380952381,17.423809523809524,64.15714285714286,57.13654919857143,54722.09523809524,9.764082271428572,23.975147295509522,61.244369047619045,697.2287450857143
Tehama,2017,559.5,37.5,137,41,14,NA,125.5,NA,31.5,12.5,NA,NA,NA,21,NA,7.176900584795321,0.04607578947368421,NA,19.5,NA,NA,NA,6103,304,116.6,NA,NA,NA,6,7,NA,1,NA,NA,NA,NA,NA,-0.2473940328181818,-0.7907799553636363,-0.1957349369090909,0.3930610857272727,0.12368790936363637,-0.2699949241818182,0.32143544090909093,-0.0909416590909091,0.31452294399999997,80.9090909090909,95.23636363636363,68.21818181818182,93.96363636363637,4.992717612363636,49.42727272727273,99.38181818181818,14.736363636363636,58.836363636363636,55.10067492818182,42750,13.725964227272728,14.961843962727272,20.105973636363636,644.0542181727272
Tehama,2018,662,27.5,140.5,45.5,23.5,NA,166.5,13,43,11,NA,NA,15,23.5,19,10.581267217630854,0.04930515463917526,NA,23.903225806451612,NA,NA,NA,6103,304,116.6,NA,NA,NA,2,13,NA,NA,NA,NA,NA,NA,1,-0.2473940328181818,-0.7907799553636363,-0.1957349369090909,0.3930610857272727,0.12368790936363637,-0.2699949241818182,0.32143544090909093,-0.0909416590909091,0.31452294399999997,80.9090909090909,95.23636363636363,68.21818181818182,93.96363636363637,4.992717612363636,49.42727272727273,99.38181818181818,14.736363636363636,58.836363636363636,55.10067492818182,42750,13.725964227272728,14.961843962727272,20.105973636363636,644.0542181727272
Tehama,2019,617,30.5,138,42,16.5,NA,153,NA,38,20.5,NA,NA,16,16.5,12,5.429461756373938,0.04421869488536155,NA,14.15,NA,NA,NA,6103,304,116.6,NA,NA,NA,3,13,NA,NA,NA,NA,NA,2,NA,-0.2473940328181818,-0.7907799553636363,-0.1957349369090909,0.3930610857272727,0.12368790936363637,-0.2699949241818182,0.32143544090909093,-0.0909416590909091,0.31452294399999997,80.9090909090909,95.23636363636363,68.21818181818182,93.96363636363637,4.992717612363636,49.42727272727273,99.38181818181818,14.736363636363636,58.836363636363636,55.10067492818182,42750,13.725964227272728,14.961843962727272,20.105973636363636,644.0542181727272
Trinity,2017,127,NA,18,11,NA,NA,38,0,11,NA,NA,0,NA,NA,NA,19.20843373493976,NA,NA,NA,NA,NA,NA,6105,53.333333333333336,108.2,NA,NA,NA,NA,NA,NA,NA,NA,NA,NA,NA,NA,-0.209708117,-1.01710276275,-0.26973310100000003,0.2433541555,-0.37990216425,0.94454678475,1.13786136425,0.21116289275,0.06539492849999999,74.8,96.1,70.275,97.6,7.1363497325,62,94.475,19.200000000000003,54.9,55.8385735,34294.5,46.65414225,11.91772737375,91.6677625,270.6852411605
Trinity,2018,122,0,22.5,NA,NA,NA,28.5,0,12.5,NA,0,NA,0,NA,NA,12.70190735694823,NA,NA,NA,NA,NA,NA,6105,53.333333333333336,108.2,NA,NA,NA,NA,NA,NA,NA,NA,NA,NA,NA,NA,-0.209708117,-1.01710276275,-0.26973310100000003,0.2433541555,-0.37990216425,0.94454678475,1.13786136425,0.21116289275,0.06539492849999999,74.8,96.1,70.275,97.6,7.1363497325,62,94.475,19.200000000000003,54.9,55.8385735,34294.5,46.65414225,11.91772737375,91.6677625,270.6852411605
Trinity,2019,151,NA,32.5,NA,NA,NA,32.5,0,20,NA,NA,0,0,NA,NA,4.913623188405797,NA,NA,NA,NA,NA,NA,6105,53.333333333333336,108.2,NA,NA,NA,NA,NA,NA,NA,NA,NA,NA,NA,NA,-0.209708117,-1.01710276275,-0.26973310100000003,0.2433541555,-0.37990216425,0.94454678475,1.13786136425,0.21116289275,0.06539492849999999,74.8,96.1,70.275,97.6,7.1363497325,62,94.475,19.200000000000003,54.9,55.8385735,34294.5,46.65414225,11.91772737375,91.6677625,270.6852411605
Tulare,2017,2983.5,138,537,177.5,107.5,36,732,90,186,95,24,23,88,176,52,15.053673469387755,0.05251881505204163,NA,46.315186246418335,NA,23.495495495495497,NA,6107,1910,102.3,16,NA,NA,168,48,NA,2,3,2,23,18,8,-0.4739585970789474,-0.7913165609868421,-0.46105045988157894,0.0501138292368421,-0.5255697736842105,-0.19078250042105263,-0.9512939265526316,-0.19101456126315788,-0.1549578025263158,73.03289473684211,88.73421052631579,55.11052631578947,93.31315789473685,3.5307519823157896,37.08552631578947,98.1921052631579,12.37236842105263,63.46184210526316,44.086978425263155,42941.72368421053,5.323898477631579,35.90589698877895,61.938303684210524,677.1803445657895
Tulare,2018,3049,192.5,571.5,173.5,80.5,31.5,739,82,191,94.5,27.5,26.5,80.5,186.5,42,16.248418972332015,0.0522001582278481,NA,51.125,NA,22.73810888252149,NA,6107,1910,102.3,16,3,12,157,47,NA,3,7,3,24,15,3,-0.4739585970789474,-0.7913165609868421,-0.46105045988157894,0.0501138292368421,-0.5255697736842105,-0.19078250042105263,-0.9512939265526316,-0.19101456126315788,-0.1549578025263158,73.03289473684211,88.73421052631579,55.11052631578947,93.31315789473685,3.5307519823157896,37.08552631578947,98.1921052631579,12.37236842105263,63.46184210526316,44.086978425263155,42941.72368421053,5.323898477631579,35.90589698877895,61.938303684210524,677.1803445657895
Tulare,2019,2970.5,194,624,159.5,90.5,26,701.5,70.5,177,90.5,32.5,26,89.5,156,29.5,11.190974358974358,0.04965743670886076,NA,45.71111111111111,NA,21.11889534883721,NA,6107,1910,102.3,16,6,10,186,57,NA,1,15,1,22,21,5,-0.4739585970789474,-0.7913165609868421,-0.46105045988157894,0.0501138292368421,-0.5255697736842105,-0.19078250042105263,-0.9512939265526316,-0.19101456126315788,-0.1549578025263158,73.03289473684211,88.73421052631579,55.11052631578947,93.31315789473685,3.5307519823157896,37.08552631578947,98.1921052631579,12.37236842105263,63.46184210526316,44.086978425263155,42941.72368421053,5.323898477631579,35.90589698877895,61.938303684210524,677.1803445657895
Ventura,2017,5802,434,1334.5,310,196.5,26.5,1367,139.5,326.5,98.5,58,79,80.5,377.5,96.5,9.623968105065666,0.04688519134775374,0.0018769230769230768,26.83911234396671,NA,15.052269601100413,NA,6111,2572.6666666666665,129.2,17,8,38,490,151,2,19,59,14,145,63,6,0.21169642738922156,0.40505211447904194,0.06780647362275449,0.17808704632934133,0.15359171109580838,-0.014314529131736526,0.29665411402994013,-0.04090080528742515,0.42742299625748503,81.27185628742515,91.96467065868264,63.94071856287425,95.36766467065868,4.2598857110898205,54.49760479041916,98.24011976047905,31.4437125748503,72.21137724550898,72.12759793383233,81763.69461077845,5.334257416167665,42.31803720238144,83.15285544910179,399.1386332154491
Ventura,2018,5695.5,423,1291,293,179,37.5,1359.5,149,317,115,41,93.5,95.5,381.5,97.5,9.060714285714285,0.04506440866185452,0.0021226470588235295,25.428770949720672,NA,15.67764060356653,NA,6111,2572.6666666666665,129.2,17,3,47,481,158,1,11,58,12,111,44,10,0.21169642738922156,0.40505211447904194,0.06780647362275449,0.17808704632934133,0.15359171109580838,-0.014314529131736526,0.29665411402994013,-0.04090080528742515,0.42742299625748503,81.27185628742515,91.96467065868264,63.94071856287425,95.36766467065868,4.2598857110898205,54.49760479041916,98.24011976047905,31.4437125748503,72.21137724550898,72.12759793383233,81763.69461077845,5.334257416167665,42.31803720238144,83.15285544910179,399.1386332154491
Ventura,2019,5713.5,433,1267,271.5,211.5,26,1327,135,325.5,127.5,47.5,106,63,379.5,94,6.647247058823529,0.044517607602012295,0.001883103448275862,21.966149506346966,NA,14.324362606232295,NA,6111,2572.6666666666665,129.2,17,3,49,517,140,1,13,66,11,70,58,15,0.21169642738922156,0.40505211447904194,0.06780647362275449,0.17808704632934133,0.15359171109580838,-0.014314529131736526,0.29665411402994013,-0.04090080528742515,0.42742299625748503,81.27185628742515,91.96467065868264,63.94071856287425,95.36766467065868,4.2598857110898205,54.49760479041916,98.24011976047905,31.4437125748503,72.21137724550898,72.12759793383233,81763.69461077845,5.334257416167665,42.31803720238144,83.15285544910179,399.1386332154491
Yolo,2017,1273.5,97.5,272,71,57,NA,261.5,37,55.5,25,NA,19,35.5,70.5,25.5,9.017866666666666,0.040665178571428574,NA,20.508474576271187,NA,10.298333333333334,NA,6113,814.6666666666666,124.8,NA,NA,NA,58,8,NA,NA,NA,NA,2,7,NA,0.137431396875,-0.135935404275,0.29107950439999997,0.15322413945,0.5149069537,0.2248092914,0.38346054155,0.31846709725,0.041619402274999995,85.655,95.12,53.875,92.3475,16.778089508875,55.373,98.565,43.305,68.0775,61.68422955625,61256.95,11.3978410175,51.91749534465,90.811553,533.8637727925
Yolo,2018,1247,93.5,292.5,70.5,31,NA,251,43,71,29.5,NA,18,27.5,65.5,19,11.439303482587064,0.040254957507082155,NA,24.133333333333333,NA,10.30204081632653,NA,6113,814.6666666666666,124.8,NA,NA,NA,102,14,NA,1,NA,1,3,8,1,0.137431396875,-0.135935404275,0.29107950439999997,0.15322413945,0.5149069537,0.2248092914,0.38346054155,0.31846709725,0.041619402274999995,85.655,95.12,53.875,92.3475,16.778089508875,55.373,98.565,43.305,68.0775,61.68422955625,61256.95,11.3978410175,51.91749534465,90.811553,533.8637727925
Yolo,2019,1247,105,259,61,43.5,NA,271.5,45.5,57.5,28,NA,16.5,22.5,63,25,6.849135802469136,0.04092047128129602,NA,18.38135593220339,NA,10.089531680440771,NA,6113,814.6666666666666,124.8,NA,1,NA,68,19,NA,NA,NA,NA,1,7,NA,0.137431396875,-0.135935404275,0.29107950439999997,0.15322413945,0.5149069537,0.2248092914,0.38346054155,0.31846709725,0.041619402274999995,85.655,95.12,53.875,92.3475,16.778089508875,55.373,98.565,43.305,68.0775,61.68422955625,61256.95,11.3978410175,51.91749534465,90.811553,533.8637727925
